id,county_type,race,height_in,hypertension,diabetes,wt_tri1,wt_tri2,wt_birth,survey_weight
1000,remote,White,57.9,No,No,134 pounds,143.7119091105746,157.5,0.7858644497022034
1001,urban,White,65.5,No,No,138,146.69627728516338,152.7,0.8763525646924974
1002,remote,Black,59.4,No,No,126.3,137.34966362381417,162.6,1.416422045440413
1003,rural,Other,63.9,No,No,143.1,152.71869401556916,162.1,1.0473422213923187
1004,remote,White,65.8,No,No,176.3,186.65703122096158,194.9,0.8518005111813546
1005,urban,Hispanic,63.4,No,No,163.6,176.9119657536346,194.2,1.308082544580102
1006,urban,Black,66.7,No,No,143,150.3454135532412,170.5,1.3795571607537567
1007,rural,Asian,63.9,No,No,176.1,191.14071066008964,205.2,2.076967580150813
1008,rural,White,62.1,No,No,199.7,211.68977665579843,227.8,0.7654762219265104
1009,urban,Hispanic,65.9,No,No,149.8,161.64708891634,171.1,1.272258008234203
1010,urban,White,62.7,No,Yes,164.1,167.9550503200799,187.7,0.8530871543660761
1011,remote,Other,69.3,No,No,158.3,169.09508368225377,Missing,1.0359677116852255
1012,remote,Asian,63.9,No,No,120.7,130.47741558227412,146,1.9664157728664577
1013,remote,Black,66.6,No,No,122.2,137.58918166286117,156.3,1.4531465247273445
1014,rural,Other,64.6,No,Yes,207.6,225.16328204417036,245.2,0.9593749353196472
1015,rural,Other,55,No,No,176.4,193.32498486099928,204.7,1.064426721073687
1016,rural,Hispanic,59.9,Yes,No,172.3,179.8466501513914,197.3,1.2002111654542387
1017,rural,Black,62.7,No,No,154.4 lbs,163.21578442934575,173.3,1.4990358903771268
1018,urban,Asian,64.7,No,No,164.6,176.2419204914131,202.4,1.9457447726279498
1019,remote,White,57,No,No,154.6,162.36137244855416,179.6,0.8559010369703174
1020,urban,White,66.9,No,No,151.3,156.88275122407973,171.7,0.7701652121916415
1021,remote,White,62.2,No,No,156.7,171.8654026641009,184.4,0.7539373431727291
1022,remote,Hispanic,61.7,No,No,119.7 pounds,131.97262611223593,145.9,1.2205904300697148
1023,remote,Hispanic,59.3,No,No,222,236.45758399891236,246,1.2821680441685022
1024,remote,Other,59.6,Yes,Yes,174.1,181.2877289886912,196.6,0.9250767815858126
1025,rural,Black,64.2,No,No,142.5,153.13818065855747,171.1,1.463259115163237
1026,remote,Other,65.5,No,No,186.4,193.71500546230757,206.1,1.0343207424506546
1027,remote,Asian,57.7,No,No,131.2,139.88234092945942,150.8,1.8751073841936887
1028,rural,Black,61,No,No,201.3,214.2168481672202,221.1,1.5014277070993556
1029,rural,Black,65.6,Yes,Yes,138.2,146.94002832686903,164.8,1.3581860542064534
1030,rural,Black,62.6,No,No,80.4,88.42621794154621,105.1,1.4988893552916125
1031,remote,Asian,70.5,No,No,190.9,197.6753261639633,211.6,2.178940684348345
1032,urban,White,67.7,No,No,184,190.26311291396848,202.5,0.7809891414269806
1033,remote,White,65.8,No,No,126.8,135.34860826705332,151.6,0.8317141962051393
1034,urban,White,64,No,No,107.7,126.51519681525662,134.6,0.8302025293558837
1035,rural,Other,64.8,No,No,95,104.3774696141041,112,0.9955461353529245
1036,rural,White,61.9,Yes,No,141.9,149.4473254974962,157.2,0.7637356182560325
1037,rural,Hispanic,65.9,Yes,No,95,101.37797821452655,114.6,1.2616599197499454
1038,rural,Hispanic,68.4,Yes,No,125.6,136.9974252528494,156,1.1394076945446432
1039,urban,Hispanic,67.3,No,No,154.9,165.3239723502849,183.9,1.2051214759983122
1040,rural,Hispanic,61.6,No,No,175.7,188.7082772789915,200.9,1.2270823778025806
1041,remote,White,59.1,Yes,No,125.4,136.26917424907217,158.4,0.7352079962193967
1042,urban,Asian,63.7,No,No,146.3,161.77067045013672,171,2.026303505524993
1043,rural,Asian,65.3,No,No,157.6,172.48036448515066,185,1.806749664619565
1044,remote,Other,68.1,No,No,201.6 lbs,217.8242784056341,229.2,0.9399757764767855
1045,remote,Asian,60,No,No,121.2,134.17400824151358,150,1.9670335203409195
1046,urban,White,65.1,No,No,101.9,118.35745064828527,124.6,0.7528809741511941
1047,rural,Other,64.7,No,Yes,94.6,106.29378914510046,127.2,0.9754442813806237
1048,rural,Other,67.6,No,No,166.7,182.43170021580147,203.5,0.9152903435751796
1049,urban,Black,63.9,No,No,148.2,159.5680730453234,179.5,1.3934921986889095
1050,urban,Asian,62.9,No,No,173.2,182.47396194078956,197.1,2.0214367816224694
1051,rural,Hispanic,60.6,No,No,145.8,152.91959563429947,173.7,1.2388182145915925
1052,rural,White,62.4,Yes,No,161.8,170.96434803350255,188.4,0.8377036007121206
1053,rural,Other,62.9,No,No,156.7,165.7052816086342,185.5,0.9752418835181743
1054,rural,Other,71.1,No,No,150.7,165.00431010458666,180.9,1.0737514305394145
1055,remote,Hispanic,71.3,No,No,131.3,143.09160214427615,159.6,1.2709128111787142
1056,rural,Asian,63.5,No,No,187.9,197.3786513056181,201.8,2.1287212087772787
1057,rural,White,60.9,No,Yes,137.8,146.20665573795702,158.5,0.8642712499946357
1058,rural,Hispanic,58.1,No,No,170,188.0507435020691,208.1,1.3158017619140447
1059,rural,Hispanic,65.5,No,No,154.9,165.9530028289816,181.5,1.1438282593153417
1060,remote,Asian,60.7,No,No,203.4,210.4047863136144,219.3,2.1148393481969836
1061,urban,White,70.9,Yes,No,171.3,181.57996265445792,191.8,0.7505195248126985
1062,urban,White,61.3,No,No,139.9,152.27319774587085,164.5,0.7205998562648893
1063,rural,Hispanic,64.3,Yes,No,149.7,165.0321643548419,190.6,1.2136790061369538
1064,urban,Asian,75.4,No,No,146.2,157.8602700875245,172,1.963899710495025
1065,urban,Black,60.7,No,No,87.3 pounds,99.74741215604902,111.5,1.6268846400780603
1066,rural,Asian,64.9,No,No,200.9 pounds,208.7422562286041,213.3,2.0084253935143352
1067,urban,Other,60.7,Yes,No,181.9,-10,202.6,0.9082785195671023
1068,urban,Hispanic,65,No,Yes,127,139.39961350463184,160.5,1.2158043003268542
1069,remote,Asian,61.4,Yes,No,161.5,176.44783901276324,187.2,1.880473031848669
1070,remote,Hispanic,64.2,Yes,No,157.3,175.4875253376651,198.6,1.1843315596506
1071,remote,White,63.1,No,Yes,116,128.7156838874535,142.1,0.7579315285757184
1072,remote,Other,60.5,No,No,194.7 pounds,205.56981363342703,208.9,1.0973720622248948
1073,urban,Hispanic,64,No,No,142.6,151.53080488569964,177.5,1.2350647638179364
1074,rural,Other,67,Yes,No,155.5,165.1943830390275,174.8,1.0564769512042405
1075,urban,Asian,68.8,No,No,162.1,170.44057663999695,182.9,2.1965686201117935
1076,remote,White,59.9,No,No,120.2 pounds,133.6796438451495,149.2,0.8507425859570503
1077,remote,White,63.3,No,No,117.4 lbs,123.52926254679325,137.9,0.7714168085530401
1078,rural,Other,67.5,No,Yes,148.5,153.51855208636766,160.9,0.9196011176332831
1079,remote,Other,60.7,No,No,167.3,176.63047278431418,184.1,0.966974326921627
1080,remote,Hispanic,56.4,No,No,152.2,168.53711602592824,190.5,1.0845247977599501
1081,remote,Asian,61.2,No,No,171.2,183.69132656572864,195.1,1.8177100495435299
1082,remote,Other,61.1,No,Yes,160 pounds,170.0230024209876,189.2,1.0554412581026555
1083,urban,Hispanic,64.1,Yes,Yes,166.4,181.078352735658,204.6,1.1157173747755587
1084,rural,Hispanic,62.8,No,No,107.9,118.49408458666029,129.6,1.0892340330407022
1085,remote,Black,64.7,No,No,170.3,181.8400783964757,193.3,1.5836924012750389
1086,remote,Other,62.7,Yes,No,126.3,138.59194776720528,143.6,0.9036391323432327
1087,urban,Black,65.1,No,No,136,152.35509845021193,176.9,1.4184117082273588
1088,urban,Black,62.9,No,No,146.9,164.07027495386296,175.3,1.605314283957705
1089,urban,Black,67.6,No,No,100.6,117.73004517639623,130.8,1.4439949370222167
1090,rural,Other,61.8,No,No,147,162.91622447317863,171.1,1.0532084185164423
1091,rural,White,64.9,No,No,136.8,150.11787913371637,168.8,0.7779247096925975
1092,rural,White,61.3,Yes,No,128.4,147.918542870934,171,0.7506003025919199
1093,urban,Other,64.6,No,No,133.4,153.57159612420543,169.7,0.9950323509518058
1094,rural,Other,63.9,No,No,187.4,204.7143054904806,217.7,0.9495296105742455
1095,rural,Other,58.9,No,No,112.2,123.32132542505371,130,1.0894685017410666
1096,urban,Black,63.6,No,No,143.5,151.3398102737948,173.8,1.412140647880733
1097,urban,Black,67.5,Yes,Yes,75.8,88.57179913083651,107,1.6180969808483496
1098,urban,White,66,Yes,No,129.8,139.57905499248304,154.4,0.8736364186555149
1099,remote,White,64.4,No,No,135,148.09996355940544,169.1,0.8764335498958827
1100,rural,White,60.4,No,No,196.3 pounds,206.0979463796562,227.6,0.7308444397524
1101,rural,Asian,67.5,No,No,121.1,136.78503957237393,149.5,1.8127358332276344
1102,remote,Black,64.2,Yes,No,123.8,144.5578239694898,153.4,1.4834515131544324
1103,urban,Asian,62.6,No,No,108.1,123.95597916032992,143.8,1.9287138216197492
1104,urban,Other,68.9,No,No,155.4,170.36727390509066,188.8,1.0446510788984598
1105,rural,Black,61.7,Yes,No,184.6,196.74942625983786,209.2,1.6054649680852893
1106,urban,Asian,64.9,No,No,114,134.7233347449389,165.5,1.99464540341869
1107,rural,Asian,67.8,Yes,No,137.2 lbs,148.88165918597014,151.1,1.952250336483121
1108,remote,Other,65.8,No,No,191,208.50518011529445,223.5,0.983569226320833
1109,rural,Black,63.1,No,No,129.5,147.80126670716285,168.5,1.5374364413553852
1110,remote,White,62.7,No,Yes,170.6,183.24150791363178,205.7,0.7878930565714837
1111,urban,Asian,65.1,No,No,161.7,160.68711970838825,180.6,1.903300124127418
1112,urban,Other,65.5,No,No,110.8,121.48027805074518,137.2,1.0916833242401482
1113,remote,Black,64.1,No,No,186.5,200.32835930265037,219.3,1.359245420107618
1114,rural,White,68,No,No,173.9,180.68358497026247,198.5,0.7611947664618492
1115,remote,Other,63.8,Yes,No,135.4,142.23530624461912,157.1,0.9227433468215168
1116,urban,Other,61.9,No,No,122.9,138.52551892667492,149.1,0.9485326979774982
1117,rural,White,65.6,No,No,138.3,5,160.2,0.8753764882683754
1118,urban,Asian,57.4,No,No,174.4,187.33424228528122,200.6,2.1408931225538255
1119,urban,Black,65.2,No,No,133.1,144.02385624540335,157.6,1.4690461471443996
1120,remote,Hispanic,65.5,No,No,93.8,103.16581977993143,119.4,1.195222271606326
1121,remote,Black,63.3,Yes,No,145.7,157.95338317228232,173,1.638933155173436
1122,rural,Other,60.6,Yes,No,173.2,185.41790735625995,190.5,1.0919346837792547
1123,rural,Asian,62.8,No,No,115.2 pounds,128.18803729374656,141.1,2.1228445255197586
1124,rural,White,68.6,No,No,142.9,155.39614219162303,173.5,0.8248789492994547
1125,remote,Other,61.8,No,No,113.3,123.15897320156957,144.3,1.0517683046869934
1126,remote,White,57,No,No,153.5,166.53393036554385,175.2,0.8337419535964727
1127,remote,Hispanic,66.4,No,No,146,163.5508354718302,175.3,1.3074629175290466
1128,rural,Asian,62.5,No,No,149,163.66868178519874,166.5,2.1924756361171607
1129,remote,White,62.5,No,No,131.3,149.28819780832276,169.3,0.7289439236745239
1130,urban,Hispanic,60.4,No,No,128.7,139.60047838622515,154.6,1.1388963861577213
1131,rural,Hispanic,63.9,No,No,176.1,190.43230337348294,209.4,1.1450241146609186
1132,urban,Other,66.1,No,Yes,153.2,167.21343410512728,179.4,1.0818299111444505
1133,urban,Asian,62.2,No,No,144.4,153.427009272099,169.5,1.9508134171366693
1134,rural,Hispanic,62.2,No,Yes,53.6,62.332489658184556,82.2,1.1460132910497487
1135,urban,Other,67.3,No,No,111.7,131.1811347242479,145,0.9356460887473077
1136,urban,Black,63.3,No,No,172.9,181.59098782381494,200.8,1.4919338663108648
1137,remote,Other,63.5,No,No,137.8,153.60285077433713,171.9,0.9797579758334906
1138,remote,Other,62.1,Yes,No,113.8,124.7353105957572,131.8,0.9263321526814252
1139,rural,Asian,66.7,No,No,136.8 lbs,144.4036712732136,161,1.8074528949335218
1140,rural,Hispanic,61,No,No,138.7,144.56312982770555,147.1,1.229260191321373
1141,remote,Black,66.5,No,No,135,142.17476056146432,155.8,1.3734656868036836
1142,rural,Black,66.4,No,No,164.9,169.09989890856275,181.3,1.5479871359886603
1143,urban,Other,62.6,Yes,No,195.6,204.06383988147272,223.4,1.0458655438385904
1144,urban,Black,66.5,No,No,179.6,195.4936239408064,212,1.3712064146529883
1145,urban,Black,67,No,No,187.4 lbs,5,209.1,1.528627276956104
1146,urban,Other,65.7,No,No,140.1,159.04706952604815,173.3,0.9181595806498081
1147,urban,Hispanic,70.1,No,No,175.3,186.60929872738714,202.5,1.2969305312074721
1148,remote,White,58.1,No,No,120.6,128.84802987300375,138.8,0.8387332187592984
1149,urban,Hispanic,60.5,No,No,145.8 lbs,156.6616253608278,168.3,1.1685576880909503
1150,remote,White,59.9,No,No,215.6,225.24392759333213,234,0.7889083387330175
1151,urban,Other,64.5,No,No,149.6,159.82427429588435,167.1,0.970057834032923
1152,rural,Hispanic,68.8,No,No,140.8,153.03998629387692,165.4,1.085551229696721
1153,remote,Hispanic,69,No,No,132.5 pounds,144.82893179546085,159.7,1.1608358716405929
1154,urban,Asian,65.5,No,No,173.1,188.13359009474868,195.3,1.9482101324014367
1155,remote,Black,66.6,Yes,No,213.2,227.35865196361334,244.7,1.4006825478281826
1156,rural,White,63.6,No,No,162.4,177.50659058612996,189.2,0.825646268092096
1157,remote,White,65.4,No,Yes,142.2,154.72868665869774,171.3,0.8157383348792792
1158,rural,Asian,65.1,No,No,212.2,220.97253880083704,236.7,1.855391072202474
1159,rural,Other,61.7,Yes,No,126.6,140.39740034314636,153.5,0.9238446215633304
1160,rural,Black,63.1,No,No,183.9,197.5505658273326,202.8,1.5057620134670289
1161,urban,Black,63.6,No,Yes,137.4,147.78554380355206,154.8,1.5569727926049381
1162,remote,Asian,68.2,No,No,119.3,129.74764689009032,132,1.9040178722701968
1163,rural,Asian,60.9,No,No,186.5,202.88075099136117,224.7,1.97179103968665
1164,urban,Other,57.7,No,No,96,113.36192017221254,126.6,1.083779156440869
1165,urban,Hispanic,66.3,Yes,No,140.8,153.2576221867026,177.9,1.267380372863263
1166,urban,Asian,61.6,No,Yes,150.5,160.9309415188735,168.7,2.0329736765474085
1167,urban,Asian,62.7,Yes,No,136.7,155.30943137279016,177.7,2.157589859608561
1168,rural,Asian,66.7,No,No,100.9,107.92520956490156,128.3,2.0881496209651234
1169,urban,Asian,61.7,No,No,130.8,139.1522965168818,150.4,1.9354502775706353
1170,remote,Hispanic,63,Yes,No,103.3,118.70017388757576,137.3,1.3197002535872162
1171,urban,Asian,68.5,No,No,207.7,215.99874801960297,233.9,1.933480164781213
1172,remote,Black,65.6,No,Yes,94.3 pounds,109.87432485776482,124.1,1.6087312403367835
1173,rural,Other,65.6,No,No,86.8 pounds,95.03596104875251,117.6,0.9962891628500075
1174,rural,Hispanic,63.6,No,No,170.9,185.05580837640622,198.7,1.1782953710295259
1175,rural,Other,60.6,No,Yes,177.2,188.47210240757863,213.6,0.9510158099699766
1176,urban,Black,59.5,No,No,144.1,159.6670703798605,168.7,1.446142747043632
1177,remote,Hispanic,63.3,No,No,143.8,161.11683282093966,182.7,1.306916818600148
1178,remote,Other,70,No,No,171.8,183.38613549917412,195.8,1.0325356567278505
1179,remote,Asian,64.7,No,No,192,206.46025844288928,223.2,1.989846272673458
1180,urban,Asian,64.5,No,No,102.3 pounds,107.10091041865519,121.7,1.9356126335449517
1181,urban,Black,65,No,No,189.1,200.04917943342795,214.4,1.5922587857348844
1182,remote,Other,62.8,No,No,155.9,163.05943249248634,177.6,1.075741786370054
1183,remote,Other,59.8,No,No,139.8,152.6179090102035,172.2,1.0294848311692477
1184,rural,Black,72,No,No,188,199.94402358195237,215.1,1.5858657540287824
1185,rural,Other,62.7,No,No,178.2,189.25919664072444,211.1,1.084313316969201
1186,rural,Other,63.1,No,No,188.3,199.5467253830482,215.1,1.029657206730917
1187,urban,Hispanic,58.6,No,Yes,141.3,157.10513227536202,173,1.1801312824711203
1188,rural,Black,63.3,No,No,173.3,184.68394085610603,199.4,1.5393623668234797
1189,remote,Asian,63.3,Yes,No,158.9,178.31697801900742,191.2,1.8014810670167207
1190,urban,White,63.2,No,No,134.5,138.88333058244206,154.9,0.8283888072520496
1191,remote,Hispanic,58.6,No,No,202.7,216.13719880760183,236.1,1.2549114211276173
1192,rural,Asian,69.4,No,No,154.9,175.3581397848388,194.4,1.9914295420981944
1193,remote,Asian,69.3,No,No,148.4,155.85700405262736,175.8,1.860260882228613
1194,urban,Black,66.1,Yes,No,165.9,174.71497605686264,198.4,1.5406278642592954
1195,remote,Asian,60.7,No,No,161.7,172.10972219939697,188.9,2.076217398606241
1196,remote,Other,66.1,No,Yes,128.8,141.16689616618234,156.9,1.0176429942250254
1197,urban,White,63.3,No,No,148.4 lbs,159.4452237034589,182.2,0.7464087999984623
1198,urban,Other,63,No,No,228.2,238.35215054520245,253,0.9083649633917957
1199,remote,Other,68.1,No,No,147.8,167.50536242939842,177.5,0.9924734307453037
1200,remote,White,60.3,No,No,141.1,153.5882192592905,164.1,0.7469239035248757
1201,remote,Hispanic,62.5,No,No,172,188.36820230602515,200.1,1.1495513755828142
1202,remote,Hispanic,61.8,Yes,No,162,162.11097009821034,169.9,1.160135854873806
1203,remote,Black,64.1,No,No,133.9,150.41395620386112,172.5,1.470880251377821
1204,remote,Asian,59.3,No,No,117.5,134.74800051605453,146.8,2.0350820814259354
1205,remote,Asian,61.9,Yes,No,175.4,185.46956810773986,206.1,1.9025211575441063
1206,rural,Hispanic,66.1,No,No,153.6,164.7005640133847,191.6,1.2606318414956332
1207,rural,Asian,65.4,No,No,164.5,183.17106124351747,196.2,1.8650422555394472
1208,rural,White,61.1,No,No,141.3,153.46487412926643,170.3,0.8214220323413612
1209,remote,Asian,65.7,No,Yes,100.4,116.55269938220556,128.7,2.0311417479999365
1210,remote,White,56.7,Yes,No,152.1,166.45057173336897,196,0.8548915690928699
1211,remote,Hispanic,63,Yes,Yes,221.7,233.06680169141745,242.7,1.1068541404791177
1212,rural,Hispanic,66.1,Yes,No,106.1,116.93165834043367,137.8,1.1211458274163306
1213,rural,Other,62,No,No,120.5,126.82040414664314,146.2,0.9775611297693104
1214,rural,Other,63.9,No,No,109.9,113.34672789916611,133,0.9822270624805243
1215,rural,White,59.2,No,No,139,150.9099995803896,171,0.7811130563542248
1216,rural,White,66.5,No,No,191.4,204.47908381449977,222.5,0.722323824390769
1217,remote,Black,58.4,Yes,No,145.4,155.38812240387583,173.4,1.4284604748710992
1218,rural,Hispanic,63,No,No,142.3 pounds,156.82322956147087,167.4,1.2854771079495548
1219,rural,Asian,63.2,No,No,111.3,125.1982608336662,142.5,2.183727964665741
1220,rural,White,64.2,Yes,No,152,162.63736375369425,175.8,0.7595656008273364
1221,rural,Hispanic,61.5,No,No,181.1,193.29840623808857,222.5,1.087388052083552
1222,remote,Hispanic,69.5,No,No,217.8,234.9810527634404,253.6,1.14242989461869
1223,remote,Black,59.7,No,No,189.4 lbs,202.65849681983323,221.9,1.5037316377507524
1224,urban,Other,64.8,Yes,No,123.9,139.10629001480933,143,1.0933822174090893
1225,remote,White,55.2,Yes,No,134.9,148.84423558492983,157.2,0.7381295200064779
1226,rural,Black,64,No,No,168.2 pounds,187.10224422660332,197.2,1.5769239578861745
1227,remote,Black,65.5,Yes,No,149.7,162.1097314430032,174.2,1.3769855867139995
1228,remote,Black,60.7,No,No,158.3,166.34065170024266,178.5,1.3922628895612434
1229,urban,Hispanic,66.1,Yes,No,110.6,120.75823516400445,139,1.1956252312660218
1230,remote,Hispanic,65,No,No,137.2 pounds,150.15064596788633,164,1.242469451520592
1231,urban,Hispanic,66.9,No,No,122.2,133.12241094331637,146.6,1.3165595699474215
1232,remote,Other,61.5,No,No,122.1,133.42178372137343,154.4,0.9254337614867837
1233,rural,Hispanic,61.1,No,No,128.4,143.05947589306643,147.5,1.301400187164545
1234,rural,Black,58.7,No,No,137.6,-10,161.1,1.5165402663638816
1235,rural,White,63,No,No,149.8,154.12295547588303,173.4,0.8116316631808879
1236,urban,Other,60,No,No,169 lbs,189.0773301585335,209.5,1.078214868111536
1237,remote,Asian,66.1,No,No,134.7,148.44084205947604,162.4,1.9027599154040218
1238,urban,Asian,64.2,No,No,124.3,140.5006753286194,153.3,2.186565245687962
1239,remote,White,70.6,No,No,198.5,209.2515406373984,223.3,0.8767123132571579
1240,remote,Black,60.5,No,No,179.8,192.1744704692182,205,1.5374739846680314
1241,remote,White,67.5,No,Yes,170.9,174.28724899765373,Missing,0.7851682928204538
1242,urban,White,62.4,No,No,201 pounds,214.43197228410594,222.7,0.8448786207288506
1243,remote,Other,59.6,No,No,120.7,134.5714592453179,148.6,0.937270134035498
1244,urban,Hispanic,65.7,No,No,211.5,219.87324466049463,236,1.1434728311933577
1245,rural,Black,59.7,No,No,186.8,196.682600337893,208.9,1.3761947745457292
1246,remote,Other,60.8,No,No,159.2,176.57430686742057,186,0.9442423981614412
1247,urban,Black,61.8,No,No,168.7,182.57773622649393,189.4,1.433880222751759
1248,urban,Other,64.6,No,No,151.8,162.7875796489983,175.8,0.9416179914027453
1249,rural,Other,61,No,No,146.7,160.1764148613137,183.8,1.0904703149572015
1250,remote,White,67.2,No,No,102.7,109.31317123819689,121.5,0.863494843542576
1251,urban,Other,60.4,No,No,172.3,188.98774170248242,200.8,1.0722407451830804
1252,rural,Asian,64.6,No,No,214.3,218.66505462029482,247.6,1.8376580175012351
1253,remote,Other,64.4,No,No,212.7,220.68243675750404,225.9,1.0422833500429989
1254,rural,Other,60.8,No,No,155.1,169.80675005463644,185.5,0.9415760674979539
1255,urban,White,62.7,Yes,No,146.8,163.4092869768681,181.7,0.7281332321092487
1256,remote,White,62,No,No,155.5,160.56896032974677,173.2,0.8684559402987362
1257,rural,White,66.9,No,No,184.4,198.80523542634427,219.7,0.7828781805559993
1258,rural,Black,68.7,No,No,194.3,207.666601256298,226.7,1.5553162240656095
1259,rural,Hispanic,60.9,No,No,162.2 lbs,174.0588759637371,189.3,1.2870094013772906
1260,remote,White,66.8,No,No,183.4,192.8953399208171,202.1,0.7289985505864025
1261,remote,Asian,63.8,No,No,149.2,157.77611516101564,174.4,1.9507416889071465
1262,remote,Other,58.1,No,No,164.9,177.5071113678952,190.9,1.018869098601863
1263,remote,Asian,61.7,Yes,No,185.6,202.42549077538453,213,1.8990447683259846
1264,rural,White,65.4,No,No,259.2,265.2456884671893,281,0.7747586569190026
1265,remote,Other,64.4,No,No,148.4,156.19850350772498,174.1,1.0041535587050021
1266,remote,Hispanic,56.7,No,No,130,148.55149646763437,163.2,1.2708934585377574
1267,urban,White,65.7,Yes,No,163.4,170.5706632751869,189.8,0.7582512420415879
1268,rural,White,66,No,No,137.8,139.29537966158895,141.7,0.7395235597714782
1269,urban,Other,63.1,No,No,169.1,181.16985306460407,199.9,0.9722808110062033
1270,remote,Other,61.9,Yes,No,160.2,173.57677610947303,185.7,1.0849828357808293
1271,urban,Black,69.9,No,No,189.5,201.5508793493285,218,1.6475071706576274
1272,rural,Asian,63.7,No,No,121.2,129.70619946724415,150.4,2.035458017699421
1273,remote,Asian,64,No,No,113.8,127.17120113736487,142.9,2.08367462689057
1274,remote,Other,60.6,No,No,197,208.2904489828701,223.7,1.0932491526473314
1275,rural,Asian,60,No,No,156.8,172.48573301836242,174.3,2.1576513204723597
1276,urban,Black,59.4,No,No,122.3,135.50377760883816,144.4,1.4564401363022625
1277,urban,Asian,62.7,No,No,117.8 pounds,132.5735470108392,151.3,2.0078910741955043
1278,urban,Black,68.1,No,Yes,133.4,146.7018876251151,154.6,1.5094886623788626
1279,urban,Hispanic,69.3,No,No,167.7,181.3322040909155,195.8,1.1578457347489894
1280,rural,Asian,68.7,Yes,No,134.2,149.23936902356405,165.8,1.9094766846857967
1281,remote,Black,67.9,Yes,No,190.3,193.15138591819834,206.4,1.573408619267866
1282,rural,Black,63.3,No,No,157.3,171.37135304635385,182.1,1.5195100725162776
1283,remote,Black,60.3,No,No,155.9,162.51105496685565,170.2,1.3706130065023898
1284,remote,Black,63,No,No,149.5,162.95263943547332,179.3,1.4768877436872572
1285,urban,Other,56.8,No,No,141.1,158.35901025863308,Missing,1.0858217260334642
1286,rural,Asian,63.1,No,No,145,155.20677635636883,165.6,1.9539880886673928
1287,urban,Hispanic,69,Yes,No,184.7,193.467342126963,207.9,1.1789399767667055
1288,urban,Asian,64.4,No,No,109.8 lbs,121.45492600384168,131.6,2.0924484657123688
1289,urban,Other,67.3,No,Yes,182.6,200.94169709008335,215.1,0.9002508591394872
1290,rural,Asian,65.5,No,No,139.5,151.90422979274675,171.2,2.0850426179356876
1291,rural,Other,61.7,No,No,172,184.59504884661186,199.7,0.9384794887155294
1292,remote,Hispanic,69.2,No,No,148.2,158.01426132742384,173.7,1.0835817393288016
1293,urban,Black,63.8,No,No,109.6,-10,142.5,1.4518430311465638
1294,urban,Other,61.1,No,No,160.4,171.8405137620318,186.3,0.9072691126726568
1295,remote,White,64.2,No,No,130.8,136.44235434220062,152.9,0.8762658298015595
1296,rural,Black,59.4,No,No,183.7,200.6364166627507,205.7,1.5665436985669658
1297,remote,Asian,66.6,No,No,125.2,135.8581806066716,151,1.9874081538058819
1298,urban,Other,65.5,No,No,96.4,100.39598997276052,111.6,0.9115817923098802
1299,urban,Asian,62.9,No,No,124.4,136.33016638904652,145.2,1.8275708613917232
