ID,maternal_age,infant_age_months,ethnicity,insurance,introduced_solids,age_solids_introduced_months,survey_weight,N
1,31.2,7.6,Non-Hispanic,Private,1,5.1,20.6896551724138,16200
2,27.7,6.9,Non-Hispanic,Medicaid,0,,20.6896551724138,16200
3,32.1,5.6,Non-Hispanic,Medicaid,0,,20.6896551724138,16200
4,36.9,4.5,Non-Hispanic,Private,1,4.5,20.6896551724138,16200
5,27.2,6.5,Hispanic,Medicaid,1,5.9,17.51152073732719,3800
6,27.2,6.1,Hispanic,Medicaid,0,,17.51152073732719,3800
7,37.2,6.8,Non-Hispanic,Private,1,3.9,20.6896551724138,16200
8,32.7,6.5,Hispanic,Medicaid,1,3.0,17.51152073732719,3800
9,25.9,7.1,Non-Hispanic,Private,1,2.6,20.6896551724138,16200
10,31.5,4.7,Non-Hispanic,Medicaid,1,4.7,20.6896551724138,16200
11,26.0,7.5,Non-Hispanic,Private,0,,20.6896551724138,16200
12,25.9,5.8,Non-Hispanic,Medicaid,0,,20.6896551724138,16200
13,29.8,8.6,Hispanic,Private,0,,17.51152073732719,3800
14,18.0,4.5,Non-Hispanic,Medicaid,1,2.4,20.6896551724138,16200
15,19.0,8.1,Non-Hispanic,Private,0,,20.6896551724138,16200
16,25.4,5.8,Non-Hispanic,Private,1,4.6,20.6896551724138,16200
17,22.9,4.5,Non-Hispanic,Medicaid,1,3.1,20.6896551724138,16200
18,30.2,4.8,Non-Hispanic,Medicaid,0,,20.6896551724138,16200
19,23.5,5.0,Non-Hispanic,Medicaid,1,3.0,20.6896551724138,16200
20,20.7,6.1,Non-Hispanic,Medicaid,1,4.1,20.6896551724138,16200
21,36.6,6.3,Hispanic,Medicaid,1,4.6,17.51152073732719,3800
22,27.3,4.6,Hispanic,Medicaid,0,,17.51152073732719,3800
23,28.9,5.5,Non-Hispanic,Private,1,4.8,20.6896551724138,16200
24,20.7,8.7,Hispanic,Medicaid,1,3.4,17.51152073732719,3800
25,25.5,8.1,Non-Hispanic,Medicaid,1,4.6,20.6896551724138,16200
26,29.1,6.2,Non-Hispanic,None,0,,20.6896551724138,16200
27,22.2,5.6,Non-Hispanic,None,0,,20.6896551724138,16200
28,30.6,5.7,Non-Hispanic,Private,1,4.0,20.6896551724138,16200
29,25.2,6.4,Hispanic,Private,1,5.4,17.51152073732719,3800
30,26.9,4.0,Non-Hispanic,Medicaid,1,4.0,20.6896551724138,16200
31,25.2,5.1,Non-Hispanic,Medicaid,0,,20.6896551724138,16200
32,38.7,3.0,Non-Hispanic,Medicaid,1,3.0,20.6896551724138,16200
33,28.4,6.1,Non-Hispanic,Medicaid,0,,20.6896551724138,16200
34,22.7,6.5,Hispanic,Medicaid,1,3.5,17.51152073732719,3800
35,33.0,4.8,Non-Hispanic,Private,0,,20.6896551724138,16200
36,21.8,7.9,Non-Hispanic,Medicaid,0,,20.6896551724138,16200
37,29.6,3.7,Non-Hispanic,Private,1,3.7,20.6896551724138,16200
38,17.7,3.3,Non-Hispanic,Private,0,,20.6896551724138,16200
39,21.2,5.8,Non-Hispanic,Medicaid,1,3.9,20.6896551724138,16200
40,29.6,7.1,Non-Hispanic,Medicaid,1,3.2,20.6896551724138,16200
41,32.6,8.0,Non-Hispanic,Private,1,6.9,20.6896551724138,16200
42,29.4,4.8,Non-Hispanic,Private,0,,20.6896551724138,16200
43,27.9,7.1,Hispanic,None,1,3.1,17.51152073732719,3800
44,26.8,5.4,Hispanic,Private,1,4.3,17.51152073732719,3800
45,20.4,5.2,Non-Hispanic,Medicaid,1,3.6,20.6896551724138,16200
46,24.5,6.8,Non-Hispanic,Medicaid,1,3.2,20.6896551724138,16200
47,26.0,6.5,Non-Hispanic,Medicaid,1,3.1,20.6896551724138,16200
48,34.3,3.1,Non-Hispanic,Medicaid,1,3.1,20.6896551724138,16200
49,30.4,7.7,Non-Hispanic,Private,0,,20.6896551724138,16200
50,18.8,7.6,Non-Hispanic,Medicaid,1,3.3,20.6896551724138,16200
51,30.3,4.6,Non-Hispanic,Private,1,4.6,20.6896551724138,16200
52,26.4,6.1,Non-Hispanic,Medicaid,1,4.8,20.6896551724138,16200
53,24.8,6.2,Non-Hispanic,Private,1,4.1,20.6896551724138,16200
54,31.9,5.9,Non-Hispanic,Medicaid,0,,20.6896551724138,16200
55,34.2,4.7,Non-Hispanic,Private,0,,20.6896551724138,16200
56,33.6,4.5,Non-Hispanic,Private,1,4.5,20.6896551724138,16200
57,23.9,5.5,Non-Hispanic,Private,0,,20.6896551724138,16200
58,26.8,7.3,Non-Hispanic,Private,0,,20.6896551724138,16200
59,30.3,6.3,Non-Hispanic,Medicaid,0,,20.6896551724138,16200
60,33.9,4.9,Non-Hispanic,Private,1,4.8,20.6896551724138,16200
61,25.9,6.7,Non-Hispanic,None,0,,20.6896551724138,16200
62,27.5,2.5,Non-Hispanic,None,1,2.5,20.6896551724138,16200
63,22.4,7.2,Hispanic,Medicaid,1,2.9,17.51152073732719,3800
64,21.9,2.9,Non-Hispanic,Private,1,2.9,20.6896551724138,16200
65,33.0,5.0,Non-Hispanic,Private,1,4.9,20.6896551724138,16200
66,36.0,3.8,Non-Hispanic,Medicaid,1,3.8,20.6896551724138,16200
67,28.1,3.6,Non-Hispanic,Private,1,3.6,20.6896551724138,16200
68,34.0,7.2,Non-Hispanic,Private,1,4.6,20.6896551724138,16200
69,30.5,4.8,Non-Hispanic,Medicaid,0,,20.6896551724138,16200
70,25.0,6.0,Non-Hispanic,Medicaid,0,,20.6896551724138,16200
71,30.5,5.4,Hispanic,Medicaid,1,4.4,17.51152073732719,3800
72,37.0,6.2,Non-Hispanic,Private,0,,20.6896551724138,16200
73,28.3,5.6,Hispanic,Medicaid,0,,17.51152073732719,3800
74,37.1,3.6,Hispanic,Private,0,,17.51152073732719,3800
75,16.0,7.0,Non-Hispanic,Private,1,3.9,20.6896551724138,16200
76,33.0,4.8,Hispanic,None,1,3.8,17.51152073732719,3800
77,29.0,3.2,Non-Hispanic,Private,0,,20.6896551724138,16200
78,26.9,4.9,Hispanic,Private,1,4.2,17.51152073732719,3800
79,29.0,7.8,Non-Hispanic,Private,1,4.7,20.6896551724138,16200
80,17.6,6.8,Non-Hispanic,None,1,3.3,20.6896551724138,16200
81,27.3,5.0,Non-Hispanic,Medicaid,1,5.0,20.6896551724138,16200
82,30.5,5.0,Non-Hispanic,Medicaid,1,4.5,20.6896551724138,16200
83,36.6,5.0,Non-Hispanic,Medicaid,1,5.0,20.6896551724138,16200
84,25.6,8.6,Non-Hispanic,Private,1,4.5,20.6896551724138,16200
85,24.1,6.1,Non-Hispanic,Medicaid,0,,20.6896551724138,16200
86,25.7,6.1,Non-Hispanic,Private,0,,20.6896551724138,16200
87,33.5,7.0,Non-Hispanic,Private,1,7.0,20.6896551724138,16200
88,30.3,5.9,Non-Hispanic,Medicaid,0,,20.6896551724138,16200
89,25.6,5.1,Hispanic,None,1,3.7,17.51152073732719,3800
90,31.3,5.2,Non-Hispanic,Private,1,4.2,20.6896551724138,16200
91,29.0,5.4,Hispanic,Private,0,,17.51152073732719,3800
92,33.8,5.4,Non-Hispanic,Private,0,,20.6896551724138,16200
93,24.6,6.6,Non-Hispanic,Private,0,,20.6896551724138,16200
94,26.7,5.6,Non-Hispanic,None,1,4.7,20.6896551724138,16200
95,26.3,6.6,Hispanic,Medicaid,0,,17.51152073732719,3800
96,20.5,5.4,Non-Hispanic,Medicaid,1,4.6,20.6896551724138,16200
97,30.1,5.6,Non-Hispanic,Medicaid,1,3.0,20.6896551724138,16200
98,29.9,2.5,Non-Hispanic,Private,0,,20.6896551724138,16200
99,28.5,6.9,Hispanic,Medicaid,1,4.2,17.51152073732719,3800
100,27.2,6.0,Non-Hispanic,Private,1,4.4,20.6896551724138,16200
101,20.7,7.0,Non-Hispanic,Medicaid,0,,20.6896551724138,16200
102,26.2,2.5,Non-Hispanic,None,1,2.5,20.6896551724138,16200
103,26.6,8.6,Non-Hispanic,Medicaid,1,3.9,20.6896551724138,16200
104,24.1,5.3,Non-Hispanic,Private,1,5.3,20.6896551724138,16200
105,27.6,7.2,Non-Hispanic,Medicaid,1,4.3,20.6896551724138,16200
106,30.7,3.9,Non-Hispanic,Private,0,,20.6896551724138,16200
107,38.9,6.4,Non-Hispanic,Private,1,6.4,20.6896551724138,16200
108,29.5,3.9,Non-Hispanic,Private,1,3.9,20.6896551724138,16200
109,29.9,4.6,Hispanic,Private,0,,17.51152073732719,3800
110,28.1,8.4,Hispanic,Medicaid,1,5.3,17.51152073732719,3800
111,17.9,5.2,Non-Hispanic,Medicaid,1,3.4,20.6896551724138,16200
112,28.4,5.8,Non-Hispanic,None,0,,20.6896551724138,16200
113,28.8,6.8,Non-Hispanic,Medicaid,1,6.1,20.6896551724138,16200
114,42.0,6.2,Hispanic,Medicaid,1,3.2,17.51152073732719,3800
115,27.4,5.7,Non-Hispanic,Private,1,3.8,20.6896551724138,16200
116,30.2,6.0,Non-Hispanic,Private,0,,20.6896551724138,16200
117,28.3,9.0,Non-Hispanic,Medicaid,1,6.2,20.6896551724138,16200
118,22.1,5.4,Non-Hispanic,Private,1,3.1,20.6896551724138,16200
119,34.8,5.8,Non-Hispanic,Medicaid,1,4.0,20.6896551724138,16200
120,32.6,7.1,Non-Hispanic,Private,0,,20.6896551724138,16200
121,32.9,7.2,Non-Hispanic,Private,1,4.4,20.6896551724138,16200
122,23.5,7.3,Non-Hispanic,Private,1,5.6,20.6896551724138,16200
123,36.2,6.5,Non-Hispanic,Private,1,4.0,20.6896551724138,16200
124,20.8,3.8,Non-Hispanic,Private,0,,20.6896551724138,16200
125,31.7,8.0,Non-Hispanic,Medicaid,0,,20.6896551724138,16200
126,40.5,3.8,Non-Hispanic,Private,1,3.8,20.6896551724138,16200
127,23.1,6.0,Hispanic,Medicaid,1,3.6,17.51152073732719,3800
128,25.4,4.4,Non-Hispanic,Private,0,,20.6896551724138,16200
129,29.0,5.4,Non-Hispanic,Private,1,5.4,20.6896551724138,16200
130,25.7,6.0,Non-Hispanic,Private,0,,20.6896551724138,16200
131,20.0,6.0,Non-Hispanic,Medicaid,1,2.6,20.6896551724138,16200
132,28.9,6.1,Non-Hispanic,Private,1,5.4,20.6896551724138,16200
133,22.7,7.9,Non-Hispanic,Medicaid,1,2.0,20.6896551724138,16200
134,31.1,6.2,Hispanic,Private,1,6.2,17.51152073732719,3800
135,23.4,5.1,Non-Hispanic,Medicaid,0,,20.6896551724138,16200
136,37.0,6.9,Non-Hispanic,Private,1,5.1,20.6896551724138,16200
137,24.2,7.3,Non-Hispanic,Medicaid,0,,20.6896551724138,16200
138,26.7,3.7,Non-Hispanic,Medicaid,1,3.7,20.6896551724138,16200
139,33.0,6.4,Non-Hispanic,None,1,6.4,20.6896551724138,16200
140,21.7,6.6,Non-Hispanic,Private,1,3.2,20.6896551724138,16200
141,29.8,5.1,Non-Hispanic,Private,1,5.1,20.6896551724138,16200
142,35.7,7.6,Non-Hispanic,Private,0,,20.6896551724138,16200
143,19.7,5.3,Non-Hispanic,Medicaid,1,2.8,20.6896551724138,16200
144,29.5,5.7,Non-Hispanic,Medicaid,1,5.1,20.6896551724138,16200
145,29.9,5.2,Non-Hispanic,Medicaid,1,3.8,20.6896551724138,16200
146,32.8,5.5,Non-Hispanic,Private,1,3.9,20.6896551724138,16200
147,21.7,3.9,Hispanic,Private,1,3.9,17.51152073732719,3800
148,21.2,3.3,Non-Hispanic,Private,0,,20.6896551724138,16200
149,31.4,7.9,Non-Hispanic,None,1,5.3,20.6896551724138,16200
150,30.1,4.2,Non-Hispanic,Medicaid,1,3.1,20.6896551724138,16200
151,29.9,4.0,Non-Hispanic,None,1,4.0,20.6896551724138,16200
152,30.4,2.5,Non-Hispanic,Private,0,,20.6896551724138,16200
153,24.8,4.5,Non-Hispanic,Medicaid,1,4.5,20.6896551724138,16200
154,29.8,3.5,Hispanic,Medicaid,1,3.5,17.51152073732719,3800
155,30.1,8.0,Non-Hispanic,Private,1,4.6,20.6896551724138,16200
156,24.6,7.0,Non-Hispanic,Medicaid,1,3.3,20.6896551724138,16200
157,38.8,4.5,Non-Hispanic,None,1,4.5,20.6896551724138,16200
158,31.1,8.9,Hispanic,None,1,3.3,17.51152073732719,3800
159,21.9,7.0,Non-Hispanic,Medicaid,0,,20.6896551724138,16200
160,32.1,5.0,Non-Hispanic,Private,1,5.0,20.6896551724138,16200
161,23.1,2.5,Non-Hispanic,Private,0,,20.6896551724138,16200
162,32.8,8.9,Non-Hispanic,None,1,3.5,20.6896551724138,16200
163,34.9,3.4,Non-Hispanic,Private,1,3.4,20.6896551724138,16200
164,24.0,3.0,Non-Hispanic,Medicaid,1,3.0,20.6896551724138,16200
165,33.8,7.0,Non-Hispanic,Medicaid,1,4.9,20.6896551724138,16200
166,30.8,9.0,Non-Hispanic,Medicaid,0,,20.6896551724138,16200
167,33.0,7.6,Non-Hispanic,None,1,7.6,20.6896551724138,16200
168,38.9,6.3,Non-Hispanic,Private,1,4.7,20.6896551724138,16200
169,27.2,6.4,Non-Hispanic,Private,1,6.4,20.6896551724138,16200
170,24.4,6.8,Hispanic,Private,0,,17.51152073732719,3800
171,23.6,6.6,Hispanic,Private,1,4.1,17.51152073732719,3800
172,24.0,5.9,Non-Hispanic,Private,0,,20.6896551724138,16200
173,28.1,5.7,Hispanic,Private,1,4.8,17.51152073732719,3800
174,30.4,5.4,Hispanic,Medicaid,1,5.4,17.51152073732719,3800
175,30.0,4.4,Hispanic,None,1,4.4,17.51152073732719,3800
176,33.0,5.1,Non-Hispanic,Private,1,3.9,20.6896551724138,16200
177,28.6,3.0,Non-Hispanic,Private,1,3.0,20.6896551724138,16200
178,36.5,5.4,Non-Hispanic,None,1,4.8,20.6896551724138,16200
179,27.0,4.0,Non-Hispanic,Private,0,,20.6896551724138,16200
180,43.5,3.8,Non-Hispanic,Private,0,,20.6896551724138,16200
181,31.9,5.8,Non-Hispanic,Private,0,,20.6896551724138,16200
182,23.8,7.6,Non-Hispanic,Medicaid,1,4.3,20.6896551724138,16200
183,22.6,6.9,Non-Hispanic,Private,1,3.7,20.6896551724138,16200
184,31.2,3.1,Non-Hispanic,None,1,3.1,20.6896551724138,16200
185,27.3,4.0,Non-Hispanic,Private,0,,20.6896551724138,16200
186,32.4,6.9,Hispanic,Medicaid,0,,17.51152073732719,3800
187,31.1,4.0,Hispanic,Private,1,4.0,17.51152073732719,3800
188,28.1,5.2,Hispanic,Medicaid,1,3.3,17.51152073732719,3800
189,23.8,6.3,Hispanic,Medicaid,1,4.0,17.51152073732719,3800
190,20.2,4.0,Non-Hispanic,Medicaid,1,2.4,20.6896551724138,16200
191,26.0,5.7,Hispanic,Medicaid,1,3.7,17.51152073732719,3800
192,33.2,3.5,Non-Hispanic,Medicaid,1,3.5,20.6896551724138,16200
193,29.7,4.6,Non-Hispanic,None,1,4.6,20.6896551724138,16200
194,21.6,6.0,Non-Hispanic,Medicaid,1,2.5,20.6896551724138,16200
195,29.5,3.1,Non-Hispanic,Medicaid,1,3.1,20.6896551724138,16200
196,30.6,6.2,Non-Hispanic,Private,0,,20.6896551724138,16200
197,23.6,5.5,Non-Hispanic,Private,1,4.2,20.6896551724138,16200
198,29.3,6.3,Hispanic,Private,1,3.8,17.51152073732719,3800
199,28.8,5.8,Non-Hispanic,Medicaid,1,4.6,20.6896551724138,16200
200,22.2,7.5,Non-Hispanic,Private,1,4.2,20.6896551724138,16200
201,30.5,5.7,Hispanic,Private,1,5.6,17.51152073732719,3800
202,31.6,4.9,Non-Hispanic,None,0,,20.6896551724138,16200
203,34.5,5.7,Non-Hispanic,None,1,2.4,20.6896551724138,16200
204,34.3,6.3,Non-Hispanic,None,1,3.8,20.6896551724138,16200
205,20.9,5.6,Non-Hispanic,Private,1,4.8,20.6896551724138,16200
206,23.3,5.6,Non-Hispanic,Medicaid,1,3.0,20.6896551724138,16200
207,31.3,4.4,Hispanic,Private,0,,17.51152073732719,3800
208,31.3,4.5,Non-Hispanic,Private,0,,20.6896551724138,16200
209,31.3,3.4,Non-Hispanic,Private,1,3.4,20.6896551724138,16200
210,45.0,8.1,Hispanic,Private,0,,17.51152073732719,3800
211,31.6,3.6,Non-Hispanic,Private,1,3.6,20.6896551724138,16200
212,34.7,4.5,Non-Hispanic,Medicaid,0,,20.6896551724138,16200
213,33.7,4.4,Non-Hispanic,Private,1,4.4,20.6896551724138,16200
214,32.1,6.8,Non-Hispanic,Medicaid,0,,20.6896551724138,16200
215,26.8,5.1,Non-Hispanic,Medicaid,0,,20.6896551724138,16200
216,32.7,7.4,Non-Hispanic,Private,1,6.2,20.6896551724138,16200
217,24.2,4.5,Non-Hispanic,Medicaid,1,4.5,20.6896551724138,16200
218,27.2,5.9,Hispanic,Private,0,,17.51152073732719,3800
219,25.8,4.2,Non-Hispanic,Medicaid,0,,20.6896551724138,16200
220,29.0,8.7,Non-Hispanic,Private,1,6.0,20.6896551724138,16200
221,41.2,3.7,Non-Hispanic,Private,1,3.7,20.6896551724138,16200
222,18.2,6.0,Non-Hispanic,Private,1,2.6,20.6896551724138,16200
223,32.3,6.5,Non-Hispanic,Medicaid,1,3.9,20.6896551724138,16200
224,19.6,6.1,Non-Hispanic,None,1,4.4,20.6896551724138,16200
225,25.9,5.2,Hispanic,Private,1,5.2,17.51152073732719,3800
226,34.5,5.3,Non-Hispanic,Medicaid,0,,20.6896551724138,16200
227,28.9,5.6,Non-Hispanic,Medicaid,1,3.7,20.6896551724138,16200
228,22.6,5.3,Non-Hispanic,None,0,,20.6896551724138,16200
229,24.6,6.9,Non-Hispanic,Medicaid,1,3.2,20.6896551724138,16200
230,32.2,8.8,Non-Hispanic,Medicaid,1,4.0,20.6896551724138,16200
231,24.5,4.7,Non-Hispanic,Medicaid,1,2.3,20.6896551724138,16200
232,29.7,3.4,Non-Hispanic,None,1,3.4,20.6896551724138,16200
233,28.8,5.4,Non-Hispanic,Private,1,3.8,20.6896551724138,16200
234,24.9,9.0,Hispanic,Private,1,4.2,17.51152073732719,3800
235,40.3,4.3,Hispanic,Private,1,4.3,17.51152073732719,3800
236,32.0,8.0,Hispanic,Medicaid,1,4.8,17.51152073732719,3800
237,17.4,8.0,Hispanic,Medicaid,1,2.7,17.51152073732719,3800
238,29.5,4.7,Non-Hispanic,Private,1,4.5,20.6896551724138,16200
239,24.9,6.4,Hispanic,Medicaid,0,,17.51152073732719,3800
240,33.2,7.9,Non-Hispanic,Medicaid,0,,20.6896551724138,16200
241,24.1,4.9,Hispanic,Private,1,4.6,17.51152073732719,3800
242,27.9,5.2,Hispanic,None,1,3.2,17.51152073732719,3800
243,31.3,4.6,Non-Hispanic,Private,1,4.6,20.6896551724138,16200
244,33.3,4.0,Hispanic,Private,0,,17.51152073732719,3800
245,21.9,4.5,Non-Hispanic,Medicaid,1,4.5,20.6896551724138,16200
246,26.7,3.7,Non-Hispanic,Medicaid,1,3.3,20.6896551724138,16200
247,25.9,5.6,Non-Hispanic,Private,1,4.1,20.6896551724138,16200
248,24.9,4.3,Non-Hispanic,Medicaid,1,4.3,20.6896551724138,16200
249,38.2,5.9,Non-Hispanic,Medicaid,1,4.6,20.6896551724138,16200
250,30.7,3.2,Non-Hispanic,Private,0,,20.6896551724138,16200
251,21.6,6.0,Hispanic,Private,1,4.4,17.51152073732719,3800
252,33.5,6.8,Non-Hispanic,Medicaid,1,4.6,20.6896551724138,16200
253,40.2,2.5,Hispanic,Private,1,2.5,17.51152073732719,3800
254,34.2,6.1,Hispanic,None,1,5.5,17.51152073732719,3800
255,20.1,7.3,Hispanic,Medicaid,0,,17.51152073732719,3800
256,25.8,3.7,Hispanic,None,1,3.7,17.51152073732719,3800
257,35.5,8.0,Non-Hispanic,Private,0,,20.6896551724138,16200
258,24.6,6.1,Hispanic,None,1,4.8,17.51152073732719,3800
259,30.9,4.4,Non-Hispanic,Private,1,4.4,20.6896551724138,16200
260,32.8,5.4,Non-Hispanic,Private,0,,20.6896551724138,16200
261,23.4,6.3,Non-Hispanic,Private,1,4.0,20.6896551724138,16200
262,28.2,5.6,Non-Hispanic,Private,0,,20.6896551724138,16200
263,16.0,6.3,Non-Hispanic,Medicaid,1,4.0,20.6896551724138,16200
264,22.9,4.1,Non-Hispanic,Medicaid,0,,20.6896551724138,16200
265,27.1,5.8,Non-Hispanic,Private,1,5.1,20.6896551724138,16200
266,21.6,3.4,Non-Hispanic,Medicaid,1,2.0,20.6896551724138,16200
267,37.5,5.3,Non-Hispanic,Private,0,,20.6896551724138,16200
268,20.6,4.1,Non-Hispanic,Medicaid,0,,20.6896551724138,16200
269,26.1,4.4,Non-Hispanic,Private,0,,20.6896551724138,16200
270,29.2,7.4,Non-Hispanic,Medicaid,0,,20.6896551724138,16200
271,36.4,7.1,Non-Hispanic,Medicaid,0,,20.6896551724138,16200
272,20.6,6.4,Non-Hispanic,Medicaid,1,5.1,20.6896551724138,16200
273,34.9,3.9,Hispanic,Private,1,3.9,17.51152073732719,3800
274,28.6,5.0,Non-Hispanic,Private,1,5.0,20.6896551724138,16200
275,23.1,7.3,Non-Hispanic,Medicaid,1,3.6,20.6896551724138,16200
276,31.0,5.7,Non-Hispanic,Private,1,5.2,20.6896551724138,16200
277,29.6,9.0,Non-Hispanic,Private,1,5.5,20.6896551724138,16200
278,25.2,6.1,Hispanic,Private,1,2.5,17.51152073732719,3800
279,28.9,5.8,Non-Hispanic,Medicaid,1,5.8,20.6896551724138,16200
280,26.4,5.0,Non-Hispanic,Medicaid,1,3.1,20.6896551724138,16200
281,29.1,5.7,Non-Hispanic,Medicaid,1,4.4,20.6896551724138,16200
282,32.1,5.3,Non-Hispanic,Private,1,5.3,20.6896551724138,16200
283,37.2,6.6,Non-Hispanic,Private,0,,20.6896551724138,16200
284,21.7,6.9,Non-Hispanic,Medicaid,0,,20.6896551724138,16200
285,40.2,4.3,Non-Hispanic,Medicaid,1,4.3,20.6896551724138,16200
286,17.8,3.5,Non-Hispanic,Private,1,3.5,20.6896551724138,16200
287,27.7,2.7,Non-Hispanic,Medicaid,1,2.7,20.6896551724138,16200
288,31.7,6.3,Hispanic,Private,1,5.4,17.51152073732719,3800
289,30.0,3.8,Hispanic,None,1,3.7,17.51152073732719,3800
290,25.1,2.5,Non-Hispanic,Private,1,2.5,20.6896551724138,16200
291,27.4,6.1,Non-Hispanic,None,1,4.6,20.6896551724138,16200
292,25.8,9.0,Non-Hispanic,Medicaid,1,2.8,20.6896551724138,16200
293,25.3,5.5,Non-Hispanic,Medicaid,0,,20.6896551724138,16200
294,33.2,6.8,Non-Hispanic,Private,0,,20.6896551724138,16200
295,30.5,5.6,Hispanic,Medicaid,1,4.8,17.51152073732719,3800
296,24.7,5.4,Hispanic,Private,1,4.5,17.51152073732719,3800
297,33.4,6.9,Non-Hispanic,Private,1,5.9,20.6896551724138,16200
298,30.2,5.1,Non-Hispanic,Medicaid,1,4.6,20.6896551724138,16200
299,33.0,5.9,Hispanic,None,0,,17.51152073732719,3800
300,32.0,6.0,Non-Hispanic,Medicaid,1,3.7,20.6896551724138,16200
301,23.9,4.5,Non-Hispanic,Medicaid,0,,20.6896551724138,16200
302,25.4,7.0,Non-Hispanic,Private,1,5.3,20.6896551724138,16200
303,32.6,5.2,Non-Hispanic,Private,0,,20.6896551724138,16200
304,31.9,4.4,Non-Hispanic,Private,1,4.4,20.6896551724138,16200
305,28.4,6.3,Non-Hispanic,Medicaid,0,,20.6896551724138,16200
306,29.1,4.2,Hispanic,None,1,2.0,17.51152073732719,3800
307,35.5,5.5,Non-Hispanic,Medicaid,1,4.8,20.6896551724138,16200
308,25.2,5.5,Non-Hispanic,Private,1,3.9,20.6896551724138,16200
309,31.5,7.1,Non-Hispanic,Private,1,5.4,20.6896551724138,16200
310,27.4,6.2,Non-Hispanic,Medicaid,0,,20.6896551724138,16200
311,27.3,5.5,Non-Hispanic,Private,0,,20.6896551724138,16200
312,34.5,6.7,Non-Hispanic,Medicaid,0,,20.6896551724138,16200
313,33.0,7.6,Hispanic,Medicaid,1,6.7,17.51152073732719,3800
314,33.0,6.3,Non-Hispanic,Medicaid,0,,20.6896551724138,16200
315,35.7,5.5,Hispanic,Private,1,5.5,17.51152073732719,3800
316,28.6,3.5,Non-Hispanic,Private,1,3.5,20.6896551724138,16200
317,32.3,3.9,Non-Hispanic,Private,1,3.9,20.6896551724138,16200
318,26.8,5.0,Non-Hispanic,Private,1,5.0,20.6896551724138,16200
319,30.3,4.6,Non-Hispanic,Private,1,4.6,20.6896551724138,16200
320,27.8,5.2,Non-Hispanic,Medicaid,1,4.8,20.6896551724138,16200
321,29.0,5.6,Non-Hispanic,Medicaid,1,3.7,20.6896551724138,16200
322,31.8,6.3,Non-Hispanic,Private,0,,20.6896551724138,16200
323,24.0,5.4,Hispanic,Private,1,4.8,17.51152073732719,3800
324,40.0,6.2,Hispanic,Private,1,4.5,17.51152073732719,3800
325,23.0,5.6,Hispanic,Private,1,5.6,17.51152073732719,3800
326,21.8,2.5,Non-Hispanic,Medicaid,1,2.5,20.6896551724138,16200
327,34.9,4.1,Hispanic,Private,1,4.1,17.51152073732719,3800
328,32.9,5.3,Non-Hispanic,Private,1,4.0,20.6896551724138,16200
329,31.9,3.7,Non-Hispanic,Private,1,3.7,20.6896551724138,16200
330,32.0,6.4,Non-Hispanic,None,1,3.7,20.6896551724138,16200
331,28.4,7.8,Non-Hispanic,Medicaid,1,4.7,20.6896551724138,16200
332,23.6,7.3,Non-Hispanic,Private,0,,20.6896551724138,16200
333,28.9,5.2,Non-Hispanic,Medicaid,1,5.2,20.6896551724138,16200
334,24.8,7.7,Hispanic,Medicaid,1,3.7,17.51152073732719,3800
335,33.9,5.7,Non-Hispanic,None,0,,20.6896551724138,16200
336,27.7,5.0,Non-Hispanic,Private,1,4.0,20.6896551724138,16200
337,24.0,4.6,Non-Hispanic,None,1,4.6,20.6896551724138,16200
338,26.7,5.0,Hispanic,None,0,,17.51152073732719,3800
339,30.8,4.9,Non-Hispanic,None,1,3.9,20.6896551724138,16200
340,25.4,5.8,Non-Hispanic,Medicaid,1,3.5,20.6896551724138,16200
341,24.0,5.7,Hispanic,Medicaid,1,4.2,17.51152073732719,3800
342,29.8,5.5,Hispanic,Private,1,5.5,17.51152073732719,3800
343,29.8,6.2,Non-Hispanic,Medicaid,1,4.4,20.6896551724138,16200
344,25.7,7.3,Non-Hispanic,Medicaid,1,3.9,20.6896551724138,16200
345,25.9,6.9,Non-Hispanic,Medicaid,1,4.6,20.6896551724138,16200
346,29.8,3.3,Non-Hispanic,Private,1,3.3,20.6896551724138,16200
347,20.5,2.5,Non-Hispanic,Medicaid,1,2.5,20.6896551724138,16200
348,20.8,6.9,Hispanic,Medicaid,1,4.3,17.51152073732719,3800
349,24.5,3.4,Non-Hispanic,Private,1,3.4,20.6896551724138,16200
350,27.3,5.2,Non-Hispanic,Medicaid,1,2.0,20.6896551724138,16200
351,30.2,3.7,Non-Hispanic,Medicaid,1,3.6,20.6896551724138,16200
352,36.6,2.8,Non-Hispanic,Medicaid,0,,20.6896551724138,16200
353,33.2,6.3,Non-Hispanic,Private,1,6.3,20.6896551724138,16200
354,27.6,6.6,Non-Hispanic,Private,1,5.0,20.6896551724138,16200
355,28.4,4.6,Non-Hispanic,None,1,4.4,20.6896551724138,16200
356,23.0,2.5,Non-Hispanic,Private,1,2.5,20.6896551724138,16200
357,28.4,4.7,Non-Hispanic,Medicaid,0,,20.6896551724138,16200
358,26.9,6.1,Non-Hispanic,Medicaid,1,3.8,20.6896551724138,16200
359,30.3,3.3,Hispanic,Medicaid,0,,17.51152073732719,3800
360,24.0,5.8,Non-Hispanic,Private,1,2.4,20.6896551724138,16200
361,31.4,5.5,Non-Hispanic,Medicaid,0,,20.6896551724138,16200
362,36.9,6.4,Non-Hispanic,Private,1,3.8,20.6896551724138,16200
363,27.9,5.7,Non-Hispanic,Private,0,,20.6896551724138,16200
364,30.7,4.0,Non-Hispanic,Private,1,4.0,20.6896551724138,16200
365,32.3,7.3,Non-Hispanic,Private,1,5.2,20.6896551724138,16200
366,26.3,5.3,Hispanic,None,1,5.3,17.51152073732719,3800
367,29.7,5.5,Non-Hispanic,None,1,4.0,20.6896551724138,16200
368,28.6,4.1,Non-Hispanic,Private,0,,20.6896551724138,16200
369,29.0,4.8,Non-Hispanic,Medicaid,1,4.1,20.6896551724138,16200
370,24.2,4.2,Hispanic,Private,1,3.6,17.51152073732719,3800
371,28.6,5.2,Non-Hispanic,Medicaid,0,,20.6896551724138,16200
372,31.2,8.1,Non-Hispanic,Medicaid,1,3.9,20.6896551724138,16200
373,36.5,3.4,Non-Hispanic,None,0,,20.6896551724138,16200
374,33.8,3.1,Non-Hispanic,Private,0,,20.6896551724138,16200
375,40.3,7.7,Hispanic,Medicaid,1,2.8,17.51152073732719,3800
376,24.3,5.2,Non-Hispanic,Private,0,,20.6896551724138,16200
377,33.3,4.5,Non-Hispanic,None,1,4.5,20.6896551724138,16200
378,29.5,7.1,Hispanic,Private,1,4.9,17.51152073732719,3800
379,40.5,4.6,Hispanic,Medicaid,1,4.6,17.51152073732719,3800
380,24.1,8.2,Hispanic,Medicaid,1,6.0,17.51152073732719,3800
381,23.9,6.5,Non-Hispanic,Medicaid,0,,20.6896551724138,16200
382,25.2,4.8,Non-Hispanic,Private,0,,20.6896551724138,16200
383,16.8,8.7,Non-Hispanic,None,1,5.3,20.6896551724138,16200
384,25.6,4.6,Non-Hispanic,Private,1,3.7,20.6896551724138,16200
385,24.3,6.6,Non-Hispanic,Medicaid,0,,20.6896551724138,16200
386,29.3,5.9,Non-Hispanic,Private,1,3.0,20.6896551724138,16200
387,30.4,7.5,Non-Hispanic,Private,1,4.9,20.6896551724138,16200
388,38.8,7.8,Non-Hispanic,Medicaid,1,5.1,20.6896551724138,16200
389,33.7,5.5,Hispanic,Private,0,,17.51152073732719,3800
390,25.3,4.4,Non-Hispanic,Private,1,3.6,20.6896551724138,16200
391,23.6,6.2,Hispanic,Private,0,,17.51152073732719,3800
392,31.2,4.5,Non-Hispanic,Private,0,,20.6896551724138,16200
393,21.2,8.5,Non-Hispanic,Medicaid,1,2.4,20.6896551724138,16200
394,38.6,5.7,Non-Hispanic,None,1,5.7,20.6896551724138,16200
395,35.0,5.0,Non-Hispanic,Private,0,,20.6896551724138,16200
396,25.9,5.8,Non-Hispanic,Private,1,4.2,20.6896551724138,16200
397,19.1,3.5,Non-Hispanic,Private,0,,20.6896551724138,16200
398,35.9,4.0,Non-Hispanic,Private,0,,20.6896551724138,16200
399,27.9,7.3,Non-Hispanic,Medicaid,1,5.1,20.6896551724138,16200
400,35.3,4.5,Non-Hispanic,Medicaid,0,,20.6896551724138,16200
401,19.7,3.9,Non-Hispanic,Private,0,,20.6896551724138,16200
402,25.2,6.3,Hispanic,Private,0,,17.51152073732719,3800
403,28.5,7.3,Hispanic,Private,1,4.1,17.51152073732719,3800
404,28.8,6.6,Non-Hispanic,Medicaid,1,4.3,20.6896551724138,16200
405,26.0,7.0,Non-Hispanic,None,1,3.9,20.6896551724138,16200
406,31.9,4.4,Non-Hispanic,Private,1,4.3,20.6896551724138,16200
407,22.6,3.4,Hispanic,Private,1,3.4,17.51152073732719,3800
408,27.7,7.8,Non-Hispanic,Medicaid,0,,20.6896551724138,16200
409,29.2,5.0,Non-Hispanic,None,1,3.3,20.6896551724138,16200
410,31.3,5.1,Hispanic,Private,1,5.1,17.51152073732719,3800
411,32.4,7.5,Non-Hispanic,Private,1,4.9,20.6896551724138,16200
412,22.3,6.3,Hispanic,Private,0,,17.51152073732719,3800
413,20.1,6.2,Non-Hispanic,Medicaid,1,3.6,20.6896551724138,16200
414,35.5,8.7,Non-Hispanic,Private,1,5.0,20.6896551724138,16200
415,30.3,4.5,Non-Hispanic,Private,1,4.5,20.6896551724138,16200
416,24.4,6.9,Hispanic,Medicaid,0,,17.51152073732719,3800
417,37.0,5.6,Hispanic,Private,1,4.4,17.51152073732719,3800
418,29.1,5.9,Non-Hispanic,Medicaid,1,5.6,20.6896551724138,16200
419,35.0,7.8,Non-Hispanic,Private,0,,20.6896551724138,16200
420,28.9,6.3,Non-Hispanic,Private,1,5.0,20.6896551724138,16200
421,39.8,6.3,Hispanic,Medicaid,0,,17.51152073732719,3800
422,38.2,7.1,Non-Hispanic,Private,1,4.0,20.6896551724138,16200
423,27.1,5.0,Non-Hispanic,None,1,5.0,20.6896551724138,16200
424,33.8,4.2,Non-Hispanic,Medicaid,0,,20.6896551724138,16200
425,32.0,3.9,Hispanic,Private,1,3.9,17.51152073732719,3800
426,36.0,2.6,Non-Hispanic,Medicaid,1,2.6,20.6896551724138,16200
427,23.2,8.6,Non-Hispanic,Private,1,4.8,20.6896551724138,16200
428,32.3,3.8,Non-Hispanic,None,1,3.8,20.6896551724138,16200
429,34.3,5.2,Hispanic,Private,1,5.2,17.51152073732719,3800
430,18.8,5.1,Non-Hispanic,Medicaid,1,2.8,20.6896551724138,16200
431,22.0,6.0,Non-Hispanic,Private,1,3.9,20.6896551724138,16200
432,17.3,6.7,Hispanic,Private,1,3.9,17.51152073732719,3800
433,27.0,6.8,Non-Hispanic,Medicaid,0,,20.6896551724138,16200
434,32.4,4.6,Non-Hispanic,Medicaid,1,4.6,20.6896551724138,16200
435,36.8,5.2,Non-Hispanic,Private,1,4.5,20.6896551724138,16200
436,28.9,5.9,Hispanic,Private,0,,17.51152073732719,3800
437,37.5,5.1,Non-Hispanic,Medicaid,1,4.2,20.6896551724138,16200
438,20.9,7.9,Hispanic,None,1,2.7,17.51152073732719,3800
439,19.1,6.2,Non-Hispanic,Private,0,,20.6896551724138,16200
440,28.2,6.6,Non-Hispanic,Medicaid,1,3.0,20.6896551724138,16200
441,30.6,6.5,Non-Hispanic,Private,0,,20.6896551724138,16200
442,28.3,7.3,Hispanic,None,0,,17.51152073732719,3800
443,17.1,5.8,Non-Hispanic,Private,0,,20.6896551724138,16200
444,28.0,3.6,Hispanic,Private,1,3.6,17.51152073732719,3800
445,21.3,6.1,Non-Hispanic,Medicaid,1,4.8,20.6896551724138,16200
446,32.2,4.5,Non-Hispanic,Private,1,4.5,20.6896551724138,16200
447,30.5,4.7,Non-Hispanic,Medicaid,1,3.5,20.6896551724138,16200
448,23.3,6.4,Hispanic,Private,0,,17.51152073732719,3800
449,25.7,7.4,Non-Hispanic,Private,1,4.7,20.6896551724138,16200
450,22.7,5.5,Non-Hispanic,Private,1,4.4,20.6896551724138,16200
451,28.2,6.0,Non-Hispanic,Medicaid,0,,20.6896551724138,16200
452,33.8,8.1,Hispanic,Private,1,5.1,17.51152073732719,3800
453,23.1,5.9,Non-Hispanic,Medicaid,1,5.3,20.6896551724138,16200
454,31.3,9.0,Hispanic,Medicaid,1,3.6,17.51152073732719,3800
455,25.6,6.3,Non-Hispanic,Medicaid,0,,20.6896551724138,16200
456,24.1,2.9,Non-Hispanic,Private,1,2.9,20.6896551724138,16200
457,27.9,6.6,Non-Hispanic,Private,0,,20.6896551724138,16200
458,22.8,6.1,Hispanic,Private,1,4.1,17.51152073732719,3800
459,25.5,7.4,Hispanic,Private,0,,17.51152073732719,3800
460,21.9,6.5,Non-Hispanic,Private,0,,20.6896551724138,16200
461,39.3,5.3,Non-Hispanic,Medicaid,1,5.1,20.6896551724138,16200
462,28.7,3.7,Non-Hispanic,Private,1,3.7,20.6896551724138,16200
463,24.7,5.2,Non-Hispanic,Private,1,3.2,20.6896551724138,16200
464,29.7,4.2,Non-Hispanic,Private,1,4.2,20.6896551724138,16200
465,27.9,4.6,Non-Hispanic,Medicaid,1,4.2,20.6896551724138,16200
466,27.3,6.4,Non-Hispanic,Private,1,5.1,20.6896551724138,16200
467,31.9,8.0,Non-Hispanic,Medicaid,1,5.0,20.6896551724138,16200
468,32.7,6.1,Non-Hispanic,Private,1,4.7,20.6896551724138,16200
469,25.6,3.7,Non-Hispanic,None,1,3.7,20.6896551724138,16200
470,25.3,6.2,Non-Hispanic,None,1,3.5,20.6896551724138,16200
471,27.0,7.3,Non-Hispanic,Private,1,5.4,20.6896551724138,16200
472,16.0,4.6,Hispanic,Private,0,,17.51152073732719,3800
473,20.2,5.3,Non-Hispanic,Private,1,3.5,20.6896551724138,16200
474,36.0,5.5,Non-Hispanic,Private,1,5.5,20.6896551724138,16200
475,37.5,4.3,Non-Hispanic,Medicaid,0,,20.6896551724138,16200
476,27.1,6.5,Non-Hispanic,Medicaid,1,3.4,20.6896551724138,16200
477,31.7,5.3,Non-Hispanic,Medicaid,0,,20.6896551724138,16200
478,30.2,6.1,Non-Hispanic,Medicaid,1,3.6,20.6896551724138,16200
479,45.0,4.2,Hispanic,Private,1,3.9,17.51152073732719,3800
480,34.7,4.8,Non-Hispanic,Private,1,4.6,20.6896551724138,16200
481,27.8,6.6,Non-Hispanic,Medicaid,0,,20.6896551724138,16200
482,23.2,4.9,Non-Hispanic,Private,1,2.0,20.6896551724138,16200
483,19.7,8.1,Non-Hispanic,Medicaid,1,2.9,20.6896551724138,16200
484,29.6,4.9,Non-Hispanic,Private,1,4.5,20.6896551724138,16200
485,24.3,5.8,Non-Hispanic,Private,1,4.7,20.6896551724138,16200
486,20.7,6.9,Non-Hispanic,None,1,3.5,20.6896551724138,16200
487,24.9,3.4,Non-Hispanic,Private,1,3.4,20.6896551724138,16200
488,22.6,2.9,Non-Hispanic,None,1,2.9,20.6896551724138,16200
489,37.8,3.2,Non-Hispanic,None,1,3.2,20.6896551724138,16200
490,33.3,7.4,Hispanic,Medicaid,0,,17.51152073732719,3800
491,28.5,4.7,Non-Hispanic,Medicaid,0,,20.6896551724138,16200
492,36.6,9.0,Non-Hispanic,Medicaid,0,,20.6896551724138,16200
493,28.9,4.7,Non-Hispanic,Medicaid,0,,20.6896551724138,16200
494,23.8,5.8,Hispanic,Private,1,4.0,17.51152073732719,3800
495,36.9,7.8,Non-Hispanic,Medicaid,1,4.2,20.6896551724138,16200
496,31.5,8.5,Non-Hispanic,Medicaid,1,5.3,20.6896551724138,16200
497,22.8,8.6,Non-Hispanic,Private,1,2.1,20.6896551724138,16200
498,27.5,7.3,Non-Hispanic,Private,1,4.7,20.6896551724138,16200
499,23.7,7.0,Non-Hispanic,Private,1,4.3,20.6896551724138,16200
500,20.9,6.4,Non-Hispanic,Medicaid,1,3.8,20.6896551724138,16200
501,33.6,6.7,Non-Hispanic,Medicaid,1,5.3,20.6896551724138,16200
502,39.0,4.7,Non-Hispanic,Private,1,4.6,20.6896551724138,16200
503,20.8,4.3,Non-Hispanic,None,1,3.1,20.6896551724138,16200
504,31.6,5.5,Non-Hispanic,Medicaid,0,,20.6896551724138,16200
505,24.9,5.2,Non-Hispanic,Medicaid,1,4.3,20.6896551724138,16200
506,25.8,4.8,Non-Hispanic,Medicaid,1,3.1,20.6896551724138,16200
507,25.2,6.5,Non-Hispanic,Medicaid,1,5.1,20.6896551724138,16200
508,23.7,6.9,Hispanic,Private,1,5.1,17.51152073732719,3800
509,28.8,5.6,Non-Hispanic,Medicaid,1,4.6,20.6896551724138,16200
510,23.9,7.7,Non-Hispanic,Private,1,4.9,20.6896551724138,16200
511,30.0,3.8,Non-Hispanic,None,1,3.8,20.6896551724138,16200
512,28.2,5.2,Hispanic,None,1,4.1,17.51152073732719,3800
513,27.2,4.4,Non-Hispanic,Private,0,,20.6896551724138,16200
514,23.5,2.7,Non-Hispanic,Private,0,,20.6896551724138,16200
515,25.3,5.4,Non-Hispanic,Medicaid,1,3.5,20.6896551724138,16200
516,32.7,5.3,Non-Hispanic,Private,1,5.3,20.6896551724138,16200
517,31.3,7.8,Non-Hispanic,Medicaid,0,,20.6896551724138,16200
518,23.1,6.4,Non-Hispanic,Private,1,4.7,20.6896551724138,16200
519,29.0,4.0,Non-Hispanic,Private,1,4.0,20.6896551724138,16200
520,32.6,8.3,Hispanic,None,1,5.7,17.51152073732719,3800
521,19.3,7.3,Non-Hispanic,Medicaid,0,,20.6896551724138,16200
522,31.5,6.4,Non-Hispanic,Medicaid,1,4.2,20.6896551724138,16200
523,24.9,5.2,Non-Hispanic,Private,1,3.8,20.6896551724138,16200
524,31.6,4.1,Non-Hispanic,Medicaid,0,,20.6896551724138,16200
525,24.3,4.9,Non-Hispanic,Medicaid,1,4.2,20.6896551724138,16200
526,18.6,7.1,Non-Hispanic,Medicaid,1,2.2,20.6896551724138,16200
527,19.5,8.3,Non-Hispanic,Medicaid,0,,20.6896551724138,16200
528,28.8,7.8,Hispanic,Medicaid,1,2.7,17.51152073732719,3800
529,29.9,4.8,Hispanic,Private,1,4.8,17.51152073732719,3800
530,23.5,3.8,Non-Hispanic,Private,1,3.8,20.6896551724138,16200
531,32.0,5.7,Non-Hispanic,Medicaid,1,4.1,20.6896551724138,16200
532,19.4,2.8,Hispanic,Private,1,2.8,17.51152073732719,3800
533,28.1,6.0,Non-Hispanic,Medicaid,1,5.6,20.6896551724138,16200
534,21.8,5.3,Hispanic,Private,1,3.1,17.51152073732719,3800
535,24.9,4.8,Non-Hispanic,Medicaid,0,,20.6896551724138,16200
536,28.8,3.1,Non-Hispanic,Medicaid,1,3.1,20.6896551724138,16200
537,23.8,6.3,Non-Hispanic,Private,1,4.9,20.6896551724138,16200
538,26.4,4.7,Non-Hispanic,Private,1,3.1,20.6896551724138,16200
539,34.0,3.7,Non-Hispanic,Private,0,,20.6896551724138,16200
540,25.3,2.5,Non-Hispanic,Medicaid,1,2.4,20.6896551724138,16200
541,33.1,5.5,Non-Hispanic,Medicaid,1,5.1,20.6896551724138,16200
542,22.3,8.2,Non-Hispanic,Private,1,3.4,20.6896551724138,16200
543,31.4,8.0,Non-Hispanic,Medicaid,1,3.5,20.6896551724138,16200
544,36.4,4.8,Hispanic,Private,1,4.8,17.51152073732719,3800
545,16.0,4.6,Non-Hispanic,Medicaid,0,,20.6896551724138,16200
546,24.1,6.2,Hispanic,None,1,3.4,17.51152073732719,3800
547,31.7,4.0,Non-Hispanic,Private,1,4.0,20.6896551724138,16200
548,27.4,6.0,Non-Hispanic,Medicaid,1,3.5,20.6896551724138,16200
549,30.5,6.6,Hispanic,Private,0,,17.51152073732719,3800
550,25.2,7.3,Non-Hispanic,Private,1,4.8,20.6896551724138,16200
551,29.0,5.3,Non-Hispanic,Private,1,5.3,20.6896551724138,16200
552,27.6,5.2,Non-Hispanic,Private,1,3.1,20.6896551724138,16200
553,34.9,4.2,Non-Hispanic,Medicaid,1,4.2,20.6896551724138,16200
554,29.9,4.3,Non-Hispanic,Private,1,4.3,20.6896551724138,16200
555,30.4,5.2,Hispanic,Medicaid,1,4.0,17.51152073732719,3800
556,26.2,6.1,Non-Hispanic,Private,1,3.4,20.6896551724138,16200
557,25.8,6.9,Non-Hispanic,Private,1,4.9,20.6896551724138,16200
558,26.1,4.3,Non-Hispanic,Medicaid,1,4.3,20.6896551724138,16200
559,30.7,7.7,Non-Hispanic,None,1,5.6,20.6896551724138,16200
560,26.2,5.1,Non-Hispanic,Private,1,4.9,20.6896551724138,16200
561,30.1,5.5,Non-Hispanic,None,0,,20.6896551724138,16200
562,39.9,4.4,Non-Hispanic,Medicaid,0,,20.6896551724138,16200
563,33.3,2.5,Non-Hispanic,Medicaid,0,,20.6896551724138,16200
564,26.7,6.8,Non-Hispanic,Medicaid,0,,20.6896551724138,16200
565,35.1,6.6,Non-Hispanic,Private,1,5.4,20.6896551724138,16200
566,26.3,5.1,Non-Hispanic,Private,1,3.6,20.6896551724138,16200
567,17.3,5.6,Non-Hispanic,Medicaid,1,4.1,20.6896551724138,16200
568,23.0,6.3,Hispanic,Private,1,5.3,17.51152073732719,3800
569,18.2,3.2,Non-Hispanic,None,1,2.4,20.6896551724138,16200
570,26.6,4.7,Non-Hispanic,Private,1,4.7,20.6896551724138,16200
571,28.6,6.7,Non-Hispanic,Private,0,,20.6896551724138,16200
572,37.7,3.6,Non-Hispanic,Medicaid,1,3.6,20.6896551724138,16200
573,30.3,5.9,Non-Hispanic,Private,1,5.9,20.6896551724138,16200
574,27.3,3.5,Non-Hispanic,Medicaid,0,,20.6896551724138,16200
575,33.1,6.2,Non-Hispanic,Medicaid,1,4.6,20.6896551724138,16200
576,16.3,5.4,Non-Hispanic,None,1,2.6,20.6896551724138,16200
577,29.8,3.1,Non-Hispanic,Medicaid,0,,20.6896551724138,16200
578,32.7,7.2,Non-Hispanic,Medicaid,1,4.2,20.6896551724138,16200
579,20.4,4.4,Non-Hispanic,Medicaid,1,2.2,20.6896551724138,16200
580,34.8,4.3,Non-Hispanic,None,1,4.3,20.6896551724138,16200
581,30.4,5.8,Hispanic,Private,1,4.8,17.51152073732719,3800
582,26.2,7.2,Hispanic,Private,0,,17.51152073732719,3800
583,32.0,4.0,Hispanic,Private,1,4.0,17.51152073732719,3800
584,41.0,5.6,Hispanic,Private,1,5.6,17.51152073732719,3800
585,29.5,6.1,Hispanic,Medicaid,1,5.4,17.51152073732719,3800
586,29.9,6.5,Non-Hispanic,Medicaid,1,4.9,20.6896551724138,16200
587,26.0,5.8,Non-Hispanic,Medicaid,0,,20.6896551724138,16200
588,23.8,4.9,Non-Hispanic,Private,1,4.1,20.6896551724138,16200
589,33.1,4.3,Non-Hispanic,Medicaid,1,4.3,20.6896551724138,16200
590,23.8,5.6,Non-Hispanic,Private,1,4.3,20.6896551724138,16200
591,28.9,3.9,Non-Hispanic,Medicaid,1,3.9,20.6896551724138,16200
592,25.9,2.5,Non-Hispanic,Medicaid,0,,20.6896551724138,16200
593,31.1,6.2,Non-Hispanic,Private,1,5.4,20.6896551724138,16200
594,30.3,6.9,Hispanic,Private,1,5.0,17.51152073732719,3800
595,34.2,2.5,Non-Hispanic,Private,1,2.5,20.6896551724138,16200
596,25.7,4.0,Non-Hispanic,Medicaid,0,,20.6896551724138,16200
597,27.0,6.4,Non-Hispanic,None,1,4.1,20.6896551724138,16200
598,23.1,8.6,Non-Hispanic,Medicaid,0,,20.6896551724138,16200
599,26.1,5.5,Hispanic,Private,1,3.1,17.51152073732719,3800
600,30.6,4.4,Non-Hispanic,Private,0,,20.6896551724138,16200
601,32.7,5.2,Hispanic,Medicaid,1,5.2,17.51152073732719,3800
602,23.4,7.6,Non-Hispanic,Medicaid,1,6.1,20.6896551724138,16200
603,33.3,4.5,Non-Hispanic,Private,1,4.5,20.6896551724138,16200
604,36.0,4.3,Non-Hispanic,Private,1,4.0,20.6896551724138,16200
605,30.8,4.8,Non-Hispanic,Medicaid,0,,20.6896551724138,16200
606,38.8,4.1,Non-Hispanic,Private,0,,20.6896551724138,16200
607,24.2,5.7,Non-Hispanic,Private,1,5.3,20.6896551724138,16200
608,21.7,7.9,Non-Hispanic,Private,1,4.8,20.6896551724138,16200
609,18.7,6.0,Hispanic,Medicaid,1,2.8,17.51152073732719,3800
610,36.7,5.1,Non-Hispanic,Medicaid,0,,20.6896551724138,16200
611,32.1,5.1,Hispanic,None,1,5.1,17.51152073732719,3800
612,28.2,3.2,Non-Hispanic,Medicaid,1,3.2,20.6896551724138,16200
613,30.0,6.8,Non-Hispanic,Medicaid,1,5.9,20.6896551724138,16200
614,22.3,5.4,Non-Hispanic,Private,1,4.2,20.6896551724138,16200
615,42.0,5.2,Non-Hispanic,Medicaid,1,3.8,20.6896551724138,16200
616,29.2,9.0,Non-Hispanic,Private,1,5.7,20.6896551724138,16200
617,29.1,5.9,Non-Hispanic,Medicaid,1,5.5,20.6896551724138,16200
618,32.5,4.4,Non-Hispanic,Private,0,,20.6896551724138,16200
619,31.1,4.9,Hispanic,Private,1,4.9,17.51152073732719,3800
620,29.7,7.2,Non-Hispanic,Private,1,5.5,20.6896551724138,16200
621,24.2,5.7,Non-Hispanic,Private,1,4.4,20.6896551724138,16200
622,31.1,3.3,Non-Hispanic,Private,0,,20.6896551724138,16200
623,38.9,6.9,Non-Hispanic,Private,1,4.2,20.6896551724138,16200
624,35.9,4.5,Non-Hispanic,None,1,4.5,20.6896551724138,16200
625,37.3,8.3,Non-Hispanic,Private,1,5.8,20.6896551724138,16200
626,25.7,7.1,Non-Hispanic,Medicaid,1,3.8,20.6896551724138,16200
627,23.1,4.8,Non-Hispanic,None,1,4.8,20.6896551724138,16200
628,27.8,7.4,Non-Hispanic,None,0,,20.6896551724138,16200
629,28.8,5.6,Non-Hispanic,Medicaid,0,,20.6896551724138,16200
630,34.5,6.8,Hispanic,Medicaid,1,4.3,17.51152073732719,3800
631,19.2,6.2,Hispanic,Private,1,3.5,17.51152073732719,3800
632,36.9,4.2,Non-Hispanic,Private,0,,20.6896551724138,16200
633,27.6,4.5,Non-Hispanic,Private,1,4.5,20.6896551724138,16200
634,26.2,7.0,Non-Hispanic,Medicaid,0,,20.6896551724138,16200
635,22.9,5.0,Non-Hispanic,Medicaid,1,3.4,20.6896551724138,16200
636,19.4,4.9,Non-Hispanic,Private,0,,20.6896551724138,16200
637,33.0,4.1,Non-Hispanic,Private,0,,20.6896551724138,16200
638,28.9,6.1,Non-Hispanic,Medicaid,0,,20.6896551724138,16200
639,21.4,8.6,Non-Hispanic,Private,1,3.4,20.6896551724138,16200
640,21.4,3.9,Non-Hispanic,Medicaid,1,3.9,20.6896551724138,16200
641,26.7,5.5,Hispanic,Medicaid,0,,17.51152073732719,3800
642,37.7,7.6,Hispanic,Medicaid,1,4.0,17.51152073732719,3800
643,27.1,5.4,Non-Hispanic,Medicaid,1,3.7,20.6896551724138,16200
644,20.2,6.2,Hispanic,None,1,2.0,17.51152073732719,3800
645,27.1,3.9,Hispanic,Medicaid,0,,17.51152073732719,3800
646,27.0,6.1,Non-Hispanic,Medicaid,0,,20.6896551724138,16200
647,16.0,5.2,Non-Hispanic,Medicaid,1,2.6,20.6896551724138,16200
648,28.2,7.0,Non-Hispanic,Private,0,,20.6896551724138,16200
649,27.2,7.3,Hispanic,Private,0,,17.51152073732719,3800
650,32.3,9.0,Hispanic,Private,1,6.6,17.51152073732719,3800
651,38.7,6.4,Non-Hispanic,Private,1,3.2,20.6896551724138,16200
652,34.7,6.0,Non-Hispanic,Medicaid,1,3.7,20.6896551724138,16200
653,27.0,5.8,Non-Hispanic,Medicaid,1,4.8,20.6896551724138,16200
654,22.4,5.0,Non-Hispanic,Private,0,,20.6896551724138,16200
655,42.7,6.0,Non-Hispanic,Private,1,3.1,20.6896551724138,16200
656,28.8,5.1,Hispanic,None,1,4.2,17.51152073732719,3800
657,28.6,5.8,Non-Hispanic,Private,0,,20.6896551724138,16200
658,28.4,7.5,Hispanic,Medicaid,1,5.5,17.51152073732719,3800
659,29.6,4.0,Hispanic,Medicaid,0,,17.51152073732719,3800
660,27.7,7.2,Non-Hispanic,Medicaid,1,6.4,20.6896551724138,16200
661,25.3,7.5,Non-Hispanic,Private,0,,20.6896551724138,16200
662,25.5,5.3,Non-Hispanic,Private,1,4.8,20.6896551724138,16200
663,28.3,2.5,Non-Hispanic,Private,0,,20.6896551724138,16200
664,25.5,4.6,Non-Hispanic,Medicaid,1,3.0,20.6896551724138,16200
665,24.6,7.4,Non-Hispanic,Medicaid,1,2.9,20.6896551724138,16200
666,29.1,5.5,Non-Hispanic,Private,0,,20.6896551724138,16200
667,27.1,4.0,Non-Hispanic,Medicaid,1,4.0,20.6896551724138,16200
668,36.8,4.7,Non-Hispanic,Medicaid,1,4.7,20.6896551724138,16200
669,16.0,6.8,Non-Hispanic,Private,1,5.7,20.6896551724138,16200
670,34.5,6.3,Non-Hispanic,Medicaid,0,,20.6896551724138,16200
671,35.4,5.1,Non-Hispanic,Medicaid,1,5.1,20.6896551724138,16200
672,17.1,4.9,Non-Hispanic,Private,1,3.9,20.6896551724138,16200
673,26.6,4.9,Non-Hispanic,Private,1,4.2,20.6896551724138,16200
674,26.5,4.1,Non-Hispanic,Medicaid,1,4.1,20.6896551724138,16200
675,20.8,7.9,Non-Hispanic,None,1,4.1,20.6896551724138,16200
676,24.2,5.0,Non-Hispanic,Medicaid,1,3.2,20.6896551724138,16200
677,22.4,7.3,Non-Hispanic,Medicaid,1,3.0,20.6896551724138,16200
678,38.1,7.8,Hispanic,Medicaid,1,3.8,17.51152073732719,3800
679,33.6,7.0,Non-Hispanic,Private,1,2.9,20.6896551724138,16200
680,35.5,4.9,Non-Hispanic,Medicaid,0,,20.6896551724138,16200
681,32.5,6.1,Non-Hispanic,Medicaid,1,5.0,20.6896551724138,16200
682,22.3,5.5,Non-Hispanic,Private,1,5.5,20.6896551724138,16200
683,25.6,4.1,Non-Hispanic,Medicaid,1,2.3,20.6896551724138,16200
684,31.2,6.0,Non-Hispanic,Medicaid,1,4.5,20.6896551724138,16200
685,21.8,3.7,Non-Hispanic,Private,1,3.1,20.6896551724138,16200
686,32.4,7.3,Non-Hispanic,None,1,5.5,20.6896551724138,16200
687,27.2,4.8,Non-Hispanic,Private,1,4.8,20.6896551724138,16200
688,26.4,5.8,Non-Hispanic,Private,1,3.1,20.6896551724138,16200
689,32.4,5.9,Non-Hispanic,Private,1,4.3,20.6896551724138,16200
690,30.9,5.1,Hispanic,Medicaid,1,3.6,17.51152073732719,3800
691,26.5,6.4,Non-Hispanic,Medicaid,1,5.2,20.6896551724138,16200
692,34.9,4.8,Non-Hispanic,Private,1,4.8,20.6896551724138,16200
693,22.6,6.8,Non-Hispanic,Medicaid,0,,20.6896551724138,16200
694,31.9,3.5,Non-Hispanic,Private,1,3.5,20.6896551724138,16200
695,31.8,5.7,Non-Hispanic,Medicaid,1,5.6,20.6896551724138,16200
696,26.8,8.4,Non-Hispanic,Medicaid,0,,20.6896551724138,16200
697,30.3,4.0,Non-Hispanic,Private,1,4.0,20.6896551724138,16200
698,21.6,4.5,Non-Hispanic,None,1,3.2,20.6896551724138,16200
699,33.6,6.3,Non-Hispanic,Private,0,,20.6896551724138,16200
700,27.5,5.8,Non-Hispanic,Private,0,,20.6896551724138,16200
701,25.6,6.0,Hispanic,Medicaid,1,4.0,17.51152073732719,3800
702,34.3,6.2,Non-Hispanic,None,1,5.3,20.6896551724138,16200
703,24.6,6.5,Non-Hispanic,Private,1,3.9,20.6896551724138,16200
704,20.8,7.2,Non-Hispanic,Private,0,,20.6896551724138,16200
705,19.9,6.1,Non-Hispanic,Private,1,3.8,20.6896551724138,16200
706,31.8,5.1,Non-Hispanic,Medicaid,1,5.1,20.6896551724138,16200
707,21.5,6.5,Non-Hispanic,Private,0,,20.6896551724138,16200
708,38.2,8.3,Non-Hispanic,Medicaid,1,4.8,20.6896551724138,16200
709,17.0,5.3,Non-Hispanic,None,1,3.5,20.6896551724138,16200
710,37.8,4.0,Non-Hispanic,Medicaid,1,4.0,20.6896551724138,16200
711,29.7,7.2,Non-Hispanic,Private,1,5.7,20.6896551724138,16200
712,28.0,5.3,Hispanic,Private,0,,17.51152073732719,3800
713,25.5,2.5,Non-Hispanic,Private,1,2.5,20.6896551724138,16200
714,30.7,6.8,Non-Hispanic,None,0,,20.6896551724138,16200
715,28.3,4.7,Non-Hispanic,Private,1,4.5,20.6896551724138,16200
716,34.6,5.4,Non-Hispanic,Private,1,5.4,20.6896551724138,16200
717,29.1,6.0,Hispanic,Medicaid,0,,17.51152073732719,3800
718,29.3,5.8,Non-Hispanic,Private,1,3.4,20.6896551724138,16200
719,26.5,6.6,Non-Hispanic,Medicaid,1,3.7,20.6896551724138,16200
720,28.2,4.8,Non-Hispanic,Private,1,2.5,20.6896551724138,16200
721,30.2,6.3,Non-Hispanic,Medicaid,0,,20.6896551724138,16200
722,19.1,5.1,Non-Hispanic,None,1,2.0,20.6896551724138,16200
723,21.1,6.6,Non-Hispanic,Medicaid,1,2.0,20.6896551724138,16200
724,32.6,6.4,Non-Hispanic,None,1,6.0,20.6896551724138,16200
725,29.4,4.1,Non-Hispanic,Private,1,4.1,20.6896551724138,16200
726,27.5,7.1,Non-Hispanic,Medicaid,0,,20.6896551724138,16200
727,28.6,4.7,Hispanic,Medicaid,1,3.1,17.51152073732719,3800
728,30.4,6.7,Hispanic,Medicaid,1,4.9,17.51152073732719,3800
729,25.5,6.1,Hispanic,Private,1,5.5,17.51152073732719,3800
730,24.2,8.3,Non-Hispanic,Private,1,5.0,20.6896551724138,16200
731,29.6,5.2,Non-Hispanic,Private,0,,20.6896551724138,16200
732,23.1,5.0,Hispanic,Private,1,4.3,17.51152073732719,3800
733,30.7,5.5,Non-Hispanic,Private,0,,20.6896551724138,16200
734,19.1,5.0,Non-Hispanic,Medicaid,1,3.4,20.6896551724138,16200
735,34.2,6.7,Hispanic,Private,1,6.2,17.51152073732719,3800
736,31.1,3.1,Hispanic,Private,0,,17.51152073732719,3800
737,29.9,3.9,Non-Hispanic,Medicaid,1,3.9,20.6896551724138,16200
738,33.9,3.9,Non-Hispanic,Medicaid,1,3.9,20.6896551724138,16200
739,37.7,6.9,Non-Hispanic,None,0,,20.6896551724138,16200
740,34.1,8.1,Hispanic,Medicaid,1,4.4,17.51152073732719,3800
741,18.4,5.3,Hispanic,Private,1,2.2,17.51152073732719,3800
742,21.5,5.2,Non-Hispanic,Medicaid,0,,20.6896551724138,16200
743,25.1,5.6,Non-Hispanic,Medicaid,1,4.8,20.6896551724138,16200
744,28.6,7.2,Hispanic,Private,1,7.1,17.51152073732719,3800
745,31.3,4.1,Non-Hispanic,Medicaid,1,3.5,20.6896551724138,16200
746,24.5,5.9,Non-Hispanic,None,1,5.2,20.6896551724138,16200
747,29.5,7.0,Hispanic,Private,0,,17.51152073732719,3800
748,24.3,6.3,Non-Hispanic,Private,1,3.7,20.6896551724138,16200
749,25.1,5.8,Non-Hispanic,Private,1,4.6,20.6896551724138,16200
750,20.8,7.0,Non-Hispanic,Private,1,5.3,20.6896551724138,16200
751,23.4,2.5,Non-Hispanic,Private,1,2.5,20.6896551724138,16200
752,21.1,6.5,Hispanic,Medicaid,1,3.2,17.51152073732719,3800
753,23.1,4.5,Non-Hispanic,Private,0,,20.6896551724138,16200
754,34.3,2.8,Hispanic,None,1,2.8,17.51152073732719,3800
755,23.3,6.3,Non-Hispanic,Medicaid,0,,20.6896551724138,16200
756,43.0,7.6,Non-Hispanic,Medicaid,0,,20.6896551724138,16200
757,31.2,5.3,Non-Hispanic,Medicaid,1,3.7,20.6896551724138,16200
758,29.5,6.9,Non-Hispanic,Private,1,3.1,20.6896551724138,16200
759,23.8,7.9,Non-Hispanic,Medicaid,1,4.3,20.6896551724138,16200
760,32.4,7.5,Non-Hispanic,Medicaid,1,5.5,20.6896551724138,16200
761,25.3,8.0,Non-Hispanic,Medicaid,0,,20.6896551724138,16200
762,29.2,6.6,Non-Hispanic,Medicaid,0,,20.6896551724138,16200
763,42.6,5.6,Non-Hispanic,Private,1,5.1,20.6896551724138,16200
764,28.0,3.1,Non-Hispanic,None,1,3.1,20.6896551724138,16200
765,34.8,5.1,Non-Hispanic,Private,0,,20.6896551724138,16200
766,24.6,4.2,Non-Hispanic,None,0,,20.6896551724138,16200
767,28.3,8.8,Non-Hispanic,None,1,4.4,20.6896551724138,16200
768,38.2,5.2,Non-Hispanic,Private,1,5.2,20.6896551724138,16200
769,25.1,5.7,Non-Hispanic,Medicaid,1,4.0,20.6896551724138,16200
770,38.5,6.3,Non-Hispanic,Private,0,,20.6896551724138,16200
771,32.4,5.6,Hispanic,Private,1,3.3,17.51152073732719,3800
772,25.4,8.0,Non-Hispanic,Medicaid,1,4.8,20.6896551724138,16200
773,32.0,4.6,Non-Hispanic,Medicaid,1,4.0,20.6896551724138,16200
774,33.8,5.8,Non-Hispanic,None,1,3.7,20.6896551724138,16200
775,31.9,4.4,Non-Hispanic,Medicaid,1,4.0,20.6896551724138,16200
776,19.9,3.5,Non-Hispanic,Medicaid,0,,20.6896551724138,16200
777,24.5,4.6,Hispanic,Medicaid,1,2.0,17.51152073732719,3800
778,27.1,5.4,Non-Hispanic,None,1,3.5,20.6896551724138,16200
779,28.1,4.9,Hispanic,Private,1,4.9,17.51152073732719,3800
780,31.9,4.5,Non-Hispanic,None,1,4.5,20.6896551724138,16200
781,29.5,3.4,Non-Hispanic,Private,1,3.4,20.6896551724138,16200
782,21.2,5.4,Non-Hispanic,Medicaid,1,3.2,20.6896551724138,16200
783,30.6,3.2,Non-Hispanic,Private,1,3.2,20.6896551724138,16200
784,31.9,6.6,Non-Hispanic,Private,1,4.9,20.6896551724138,16200
785,31.6,5.6,Non-Hispanic,Private,1,4.6,20.6896551724138,16200
786,34.4,3.3,Non-Hispanic,Medicaid,1,3.1,20.6896551724138,16200
787,33.1,5.0,Hispanic,Private,0,,17.51152073732719,3800
788,31.0,4.4,Non-Hispanic,Private,0,,20.6896551724138,16200
789,28.1,6.0,Hispanic,Medicaid,1,3.6,17.51152073732719,3800
790,19.4,7.5,Non-Hispanic,None,1,4.4,20.6896551724138,16200
791,30.9,2.7,Non-Hispanic,Private,0,,20.6896551724138,16200
792,29.6,5.7,Non-Hispanic,Private,1,5.7,20.6896551724138,16200
793,30.0,5.3,Hispanic,Private,0,,17.51152073732719,3800
794,21.5,6.5,Non-Hispanic,Private,1,4.5,20.6896551724138,16200
795,22.6,5.8,Non-Hispanic,Medicaid,1,4.7,20.6896551724138,16200
796,34.3,4.4,Non-Hispanic,Medicaid,1,4.4,20.6896551724138,16200
797,28.3,5.0,Non-Hispanic,Medicaid,0,,20.6896551724138,16200
798,32.2,4.3,Non-Hispanic,Private,1,4.3,20.6896551724138,16200
799,28.7,7.1,Non-Hispanic,Medicaid,1,6.5,20.6896551724138,16200
800,28.7,5.5,Non-Hispanic,Medicaid,1,2.7,20.6896551724138,16200
801,33.7,8.4,Non-Hispanic,Medicaid,1,4.9,20.6896551724138,16200
802,25.7,5.4,Non-Hispanic,Medicaid,1,4.0,20.6896551724138,16200
803,29.0,4.4,Non-Hispanic,Medicaid,0,,20.6896551724138,16200
804,26.0,3.2,Non-Hispanic,Medicaid,0,,20.6896551724138,16200
805,26.1,2.8,Hispanic,Private,1,2.8,17.51152073732719,3800
806,26.8,3.1,Non-Hispanic,None,1,3.1,20.6896551724138,16200
807,29.7,5.9,Non-Hispanic,Medicaid,1,4.4,20.6896551724138,16200
808,25.9,6.3,Non-Hispanic,Medicaid,1,3.2,20.6896551724138,16200
809,35.4,3.1,Non-Hispanic,Private,1,3.1,20.6896551724138,16200
810,23.6,6.8,Non-Hispanic,Medicaid,0,,20.6896551724138,16200
811,27.5,4.8,Hispanic,Medicaid,0,,17.51152073732719,3800
812,26.1,5.7,Non-Hispanic,Private,1,5.7,20.6896551724138,16200
813,36.5,7.9,Hispanic,Private,1,5.5,17.51152073732719,3800
814,29.6,6.8,Non-Hispanic,Medicaid,1,5.0,20.6896551724138,16200
815,34.2,5.1,Non-Hispanic,Medicaid,1,4.4,20.6896551724138,16200
816,20.3,4.2,Non-Hispanic,Medicaid,1,3.7,20.6896551724138,16200
817,30.0,2.5,Hispanic,Private,1,2.5,17.51152073732719,3800
818,33.4,4.4,Non-Hispanic,Medicaid,0,,20.6896551724138,16200
819,29.0,5.2,Non-Hispanic,Private,1,4.5,20.6896551724138,16200
820,34.4,4.0,Non-Hispanic,Private,1,4.0,20.6896551724138,16200
821,25.7,5.3,Non-Hispanic,Private,0,,20.6896551724138,16200
822,36.3,5.6,Non-Hispanic,Private,1,4.0,20.6896551724138,16200
823,41.1,5.2,Non-Hispanic,Private,1,4.5,20.6896551724138,16200
824,26.5,4.5,Non-Hispanic,Private,1,4.5,20.6896551724138,16200
825,26.0,5.8,Non-Hispanic,Private,1,4.6,20.6896551724138,16200
826,36.5,6.2,Non-Hispanic,Private,0,,20.6896551724138,16200
827,37.2,3.9,Hispanic,Medicaid,1,3.9,17.51152073732719,3800
828,25.6,7.6,Non-Hispanic,Medicaid,0,,20.6896551724138,16200
829,26.2,5.4,Non-Hispanic,Private,1,3.9,20.6896551724138,16200
830,27.0,5.5,Non-Hispanic,Medicaid,1,4.5,20.6896551724138,16200
831,21.1,6.6,Non-Hispanic,Private,0,,20.6896551724138,16200
832,23.4,5.8,Non-Hispanic,Medicaid,1,3.2,20.6896551724138,16200
833,23.0,6.9,Non-Hispanic,Private,1,5.2,20.6896551724138,16200
834,24.3,5.9,Non-Hispanic,Private,1,5.7,20.6896551724138,16200
835,28.3,4.6,Non-Hispanic,Medicaid,1,4.6,20.6896551724138,16200
836,29.8,6.0,Non-Hispanic,Medicaid,1,5.5,20.6896551724138,16200
837,37.0,3.8,Non-Hispanic,None,1,3.8,20.6896551724138,16200
838,23.0,5.7,Hispanic,Medicaid,1,4.7,17.51152073732719,3800
839,33.9,5.5,Non-Hispanic,None,1,5.1,20.6896551724138,16200
840,27.3,5.2,Non-Hispanic,Private,0,,20.6896551724138,16200
841,28.2,5.3,Non-Hispanic,Private,1,4.0,20.6896551724138,16200
842,32.2,2.7,Non-Hispanic,Private,0,,20.6896551724138,16200
843,22.3,4.7,Non-Hispanic,Private,1,4.0,20.6896551724138,16200
844,30.6,5.6,Hispanic,Medicaid,1,3.4,17.51152073732719,3800
845,29.4,5.7,Hispanic,Medicaid,0,,17.51152073732719,3800
846,31.2,4.0,Non-Hispanic,Private,1,4.0,20.6896551724138,16200
847,30.1,7.4,Hispanic,None,1,4.4,17.51152073732719,3800
848,42.0,4.2,Hispanic,Medicaid,1,4.2,17.51152073732719,3800
849,25.0,7.0,Hispanic,Private,1,4.5,17.51152073732719,3800
850,25.6,6.1,Hispanic,Private,1,3.3,17.51152073732719,3800
851,25.1,4.5,Non-Hispanic,Private,1,2.6,20.6896551724138,16200
852,25.4,8.2,Non-Hispanic,Private,0,,20.6896551724138,16200
853,25.0,3.7,Non-Hispanic,Private,1,3.7,20.6896551724138,16200
854,35.0,6.9,Non-Hispanic,Medicaid,0,,20.6896551724138,16200
855,36.3,7.0,Hispanic,Private,0,,17.51152073732719,3800
856,25.4,4.5,Non-Hispanic,Private,1,4.5,20.6896551724138,16200
857,23.9,7.6,Non-Hispanic,None,1,3.5,20.6896551724138,16200
858,31.1,5.1,Hispanic,Medicaid,0,,17.51152073732719,3800
859,25.5,5.9,Hispanic,None,0,,17.51152073732719,3800
860,32.0,5.9,Hispanic,Private,1,3.3,17.51152073732719,3800
861,29.6,5.3,Non-Hispanic,Private,1,4.7,20.6896551724138,16200
862,20.2,6.7,Non-Hispanic,Medicaid,1,2.3,20.6896551724138,16200
863,37.0,6.7,Non-Hispanic,Private,1,4.6,20.6896551724138,16200
864,38.4,2.9,Non-Hispanic,Private,1,2.9,20.6896551724138,16200
865,25.1,7.5,Non-Hispanic,Medicaid,0,,20.6896551724138,16200
866,26.4,3.0,Non-Hispanic,Medicaid,1,3.0,20.6896551724138,16200
867,30.1,7.0,Hispanic,Private,1,4.2,17.51152073732719,3800
868,30.3,7.2,Non-Hispanic,Medicaid,1,5.0,20.6896551724138,16200
869,32.1,3.9,Non-Hispanic,Private,1,3.9,20.6896551724138,16200
870,39.6,4.9,Non-Hispanic,Private,1,4.9,20.6896551724138,16200
871,27.5,3.8,Non-Hispanic,Private,1,3.8,20.6896551724138,16200
872,24.1,5.2,Non-Hispanic,Private,1,5.0,20.6896551724138,16200
873,20.9,5.0,Non-Hispanic,Private,1,4.2,20.6896551724138,16200
874,24.5,6.7,Non-Hispanic,None,1,4.2,20.6896551724138,16200
875,28.3,7.5,Non-Hispanic,Medicaid,0,,20.6896551724138,16200
876,38.4,7.6,Non-Hispanic,Medicaid,1,6.1,20.6896551724138,16200
877,25.7,4.7,Hispanic,Private,1,4.7,17.51152073732719,3800
878,29.7,5.2,Non-Hispanic,Private,1,4.5,20.6896551724138,16200
879,28.4,3.0,Non-Hispanic,Private,0,,20.6896551724138,16200
880,35.0,4.3,Non-Hispanic,Private,1,4.3,20.6896551724138,16200
881,42.4,6.9,Hispanic,Private,1,4.7,17.51152073732719,3800
882,25.6,7.9,Non-Hispanic,Medicaid,1,4.5,20.6896551724138,16200
883,25.8,3.6,Non-Hispanic,Medicaid,1,3.3,20.6896551724138,16200
884,34.2,4.6,Hispanic,Medicaid,1,4.3,17.51152073732719,3800
885,32.3,5.5,Non-Hispanic,Medicaid,1,5.5,20.6896551724138,16200
886,38.7,5.9,Non-Hispanic,None,1,5.2,20.6896551724138,16200
887,31.7,4.3,Non-Hispanic,Private,1,4.3,20.6896551724138,16200
888,26.5,6.1,Non-Hispanic,Private,0,,20.6896551724138,16200
889,31.7,4.8,Non-Hispanic,Private,1,4.8,20.6896551724138,16200
890,34.6,5.5,Non-Hispanic,Medicaid,0,,20.6896551724138,16200
891,33.0,6.3,Hispanic,None,1,3.8,17.51152073732719,3800
892,31.3,5.5,Hispanic,Private,0,,17.51152073732719,3800
893,34.4,4.8,Non-Hispanic,None,1,4.8,20.6896551724138,16200
894,34.9,5.3,Non-Hispanic,Medicaid,1,5.3,20.6896551724138,16200
895,36.1,5.4,Non-Hispanic,Private,1,4.1,20.6896551724138,16200
896,32.1,4.9,Hispanic,Private,0,,17.51152073732719,3800
897,27.6,5.1,Hispanic,Private,1,5.1,17.51152073732719,3800
898,29.3,7.9,Non-Hispanic,None,1,4.7,20.6896551724138,16200
899,35.1,6.3,Hispanic,Private,1,3.5,17.51152073732719,3800
900,24.0,5.1,Non-Hispanic,Medicaid,1,4.0,20.6896551724138,16200
901,30.5,6.5,Non-Hispanic,Private,1,4.2,20.6896551724138,16200
902,26.3,5.0,Non-Hispanic,Medicaid,1,2.7,20.6896551724138,16200
903,28.7,7.3,Non-Hispanic,Private,1,5.0,20.6896551724138,16200
904,35.5,6.1,Non-Hispanic,Medicaid,1,2.8,20.6896551724138,16200
905,29.6,5.3,Non-Hispanic,Medicaid,1,3.7,20.6896551724138,16200
906,28.8,6.2,Non-Hispanic,Medicaid,1,6.2,20.6896551724138,16200
907,21.0,3.1,Hispanic,Medicaid,1,3.1,17.51152073732719,3800
908,32.6,3.8,Non-Hispanic,Private,1,3.8,20.6896551724138,16200
909,32.1,3.7,Non-Hispanic,Medicaid,1,3.7,20.6896551724138,16200
910,40.4,5.7,Non-Hispanic,Private,1,4.3,20.6896551724138,16200
911,26.8,8.1,Non-Hispanic,Private,0,,20.6896551724138,16200
912,29.7,8.8,Non-Hispanic,Medicaid,0,,20.6896551724138,16200
913,29.9,6.5,Non-Hispanic,Private,0,,20.6896551724138,16200
914,37.2,6.3,Non-Hispanic,Medicaid,1,4.1,20.6896551724138,16200
915,28.0,2.8,Non-Hispanic,None,1,2.8,20.6896551724138,16200
916,30.0,4.7,Non-Hispanic,Private,1,4.7,20.6896551724138,16200
917,31.8,4.3,Non-Hispanic,Medicaid,1,4.3,20.6896551724138,16200
918,29.5,4.6,Non-Hispanic,Private,1,4.0,20.6896551724138,16200
919,26.0,5.2,Non-Hispanic,Private,0,,20.6896551724138,16200
920,29.6,4.8,Non-Hispanic,Private,0,,20.6896551724138,16200
921,34.4,2.5,Hispanic,None,0,,17.51152073732719,3800
922,22.9,6.6,Non-Hispanic,None,1,2.0,20.6896551724138,16200
923,29.2,3.9,Non-Hispanic,None,1,3.9,20.6896551724138,16200
924,24.6,5.9,Non-Hispanic,None,1,5.8,20.6896551724138,16200
925,35.1,8.6,Non-Hispanic,Private,1,3.3,20.6896551724138,16200
926,20.1,4.1,Non-Hispanic,Private,1,4.1,20.6896551724138,16200
927,25.4,2.5,Hispanic,Medicaid,1,2.5,17.51152073732719,3800
928,30.6,5.1,Hispanic,Medicaid,1,3.6,17.51152073732719,3800
929,37.1,7.2,Hispanic,Private,1,3.9,17.51152073732719,3800
930,28.1,8.4,Non-Hispanic,Private,1,6.0,20.6896551724138,16200
931,25.4,3.7,Non-Hispanic,Medicaid,0,,20.6896551724138,16200
932,38.8,6.2,Non-Hispanic,Medicaid,1,4.9,20.6896551724138,16200
933,20.5,4.8,Non-Hispanic,Private,0,,20.6896551724138,16200
934,16.4,5.3,Non-Hispanic,Medicaid,1,3.5,20.6896551724138,16200
935,30.9,9.0,Non-Hispanic,Medicaid,1,3.8,20.6896551724138,16200
936,25.7,3.2,Hispanic,Medicaid,0,,17.51152073732719,3800
937,22.9,5.9,Non-Hispanic,Private,1,3.0,20.6896551724138,16200
938,32.4,6.2,Non-Hispanic,Medicaid,0,,20.6896551724138,16200
939,29.8,7.1,Non-Hispanic,Private,1,2.5,20.6896551724138,16200
940,25.4,5.6,Non-Hispanic,Private,1,4.3,20.6896551724138,16200
941,21.5,6.0,Non-Hispanic,Medicaid,1,4.6,20.6896551724138,16200
942,33.3,4.9,Non-Hispanic,Medicaid,0,,20.6896551724138,16200
943,32.1,5.9,Non-Hispanic,Private,1,4.4,20.6896551724138,16200
944,28.0,5.0,Non-Hispanic,Medicaid,0,,20.6896551724138,16200
945,38.7,6.4,Hispanic,Medicaid,1,3.2,17.51152073732719,3800
946,22.6,4.9,Hispanic,Medicaid,1,3.6,17.51152073732719,3800
947,20.1,6.1,Non-Hispanic,Medicaid,1,3.8,20.6896551724138,16200
948,24.7,5.5,Non-Hispanic,Medicaid,1,3.3,20.6896551724138,16200
949,28.2,7.2,Hispanic,Medicaid,1,4.1,17.51152073732719,3800
950,29.8,5.4,Hispanic,Private,0,,17.51152073732719,3800
951,27.2,2.8,Non-Hispanic,Private,1,2.8,20.6896551724138,16200
952,30.4,7.4,Non-Hispanic,Private,1,4.8,20.6896551724138,16200
953,21.6,4.1,Non-Hispanic,Medicaid,1,4.1,20.6896551724138,16200
954,36.4,4.5,Hispanic,Medicaid,1,4.5,17.51152073732719,3800
955,28.0,4.6,Hispanic,Private,1,3.3,17.51152073732719,3800
956,34.6,7.6,Non-Hispanic,Private,1,6.5,20.6896551724138,16200
957,30.4,2.5,Hispanic,Medicaid,1,2.5,17.51152073732719,3800
958,31.0,9.0,Non-Hispanic,Private,1,6.4,20.6896551724138,16200
959,31.6,7.1,Hispanic,Medicaid,1,5.1,17.51152073732719,3800
960,31.0,5.8,Non-Hispanic,Private,1,5.1,20.6896551724138,16200
961,32.0,5.4,Hispanic,Medicaid,1,5.2,17.51152073732719,3800
962,35.8,5.9,Non-Hispanic,None,1,4.6,20.6896551724138,16200
963,29.6,6.3,Non-Hispanic,Private,1,4.2,20.6896551724138,16200
964,32.4,6.5,Non-Hispanic,Medicaid,0,,20.6896551724138,16200
965,28.0,6.3,Hispanic,Private,0,,17.51152073732719,3800
966,36.4,5.6,Hispanic,Medicaid,1,5.5,17.51152073732719,3800
967,24.8,5.2,Hispanic,Medicaid,1,3.1,17.51152073732719,3800
968,38.4,5.3,Hispanic,Private,0,,17.51152073732719,3800
969,28.3,5.2,Non-Hispanic,Medicaid,0,,20.6896551724138,16200
970,20.6,7.2,Non-Hispanic,None,0,,20.6896551724138,16200
971,29.2,6.4,Non-Hispanic,Private,1,5.6,20.6896551724138,16200
972,24.8,2.5,Non-Hispanic,Private,1,2.5,20.6896551724138,16200
973,33.1,6.5,Non-Hispanic,Medicaid,0,,20.6896551724138,16200
974,24.9,5.8,Non-Hispanic,Medicaid,1,2.0,20.6896551724138,16200
975,26.0,5.5,Non-Hispanic,None,1,3.6,20.6896551724138,16200
976,18.1,4.9,Non-Hispanic,Medicaid,1,3.5,20.6896551724138,16200
977,26.0,7.2,Non-Hispanic,Medicaid,1,3.5,20.6896551724138,16200
978,16.0,6.9,Non-Hispanic,Private,1,2.0,20.6896551724138,16200
979,19.8,4.3,Hispanic,Medicaid,1,4.3,17.51152073732719,3800
980,32.7,6.1,Non-Hispanic,None,1,5.2,20.6896551724138,16200
981,32.8,4.0,Hispanic,Medicaid,1,4.0,17.51152073732719,3800
982,30.8,3.4,Non-Hispanic,Private,1,3.4,20.6896551724138,16200
983,23.2,4.6,Non-Hispanic,Private,1,4.6,20.6896551724138,16200
984,28.2,6.8,Hispanic,Private,1,6.8,17.51152073732719,3800
985,28.5,6.9,Non-Hispanic,Private,1,4.3,20.6896551724138,16200
986,22.1,6.3,Non-Hispanic,Private,0,,20.6896551724138,16200
987,36.8,6.6,Non-Hispanic,Medicaid,1,6.4,20.6896551724138,16200
988,33.3,6.3,Non-Hispanic,Medicaid,1,5.1,20.6896551724138,16200
989,27.3,4.5,Non-Hispanic,Private,1,4.1,20.6896551724138,16200
990,28.6,6.1,Non-Hispanic,Medicaid,0,,20.6896551724138,16200
991,29.6,6.7,Non-Hispanic,Private,1,6.7,20.6896551724138,16200
992,17.3,6.6,Non-Hispanic,Private,1,4.2,20.6896551724138,16200
993,27.1,7.3,Non-Hispanic,Private,1,5.7,20.6896551724138,16200
994,24.7,6.6,Hispanic,Medicaid,1,3.6,17.51152073732719,3800
995,23.0,6.0,Non-Hispanic,Private,0,,20.6896551724138,16200
996,27.0,7.1,Non-Hispanic,Private,0,,20.6896551724138,16200
997,38.4,5.5,Hispanic,Private,1,4.5,17.51152073732719,3800
998,32.0,4.2,Non-Hispanic,Medicaid,1,4.2,20.6896551724138,16200
999,25.4,5.3,Non-Hispanic,Private,1,5.3,20.6896551724138,16200
1000,31.6,4.4,Non-Hispanic,Medicaid,1,4.1,20.6896551724138,16200
